English,Hindi,Predicted_Hindi
ank,अंक,अंक
anka,अंक,अढक
ankit,अंकित,अंकित
anakon,अंकों,अंकछं
ankhon,अंकों,अंकों
ankon,अंकों,अंकों
angkor,अंकोर,अंकोर
ankor,अंकोर,अंकोर
angaarak,अंगारक,अंगारक
angarak,अंगारक,अंगारक
angraji,अंग्रज़ी,अगग्रज़ी
angreji,अंग्रज़ी,अंग्रज़ी
angrzi,अंग्रज़ी,अंघ्रज़ी
antah,अंतः,अंतः
antaha,अंतः,अंतः
antarmukh,अंतर्मुख,अंतट्मुख
antmurkh,अंतर्मुख,अंतर्मुख
antrmukh,अंतर्मुख,अंतर्खुख
andrabee,अंद्राबी,अंद्राबी
andrabi,अंद्राबी,अंद्राबी
andha,अंधा,अंधा
andhapan,अंधापन,अंधापन
andheri,अंधेरी,अंधेरी
ambaani,अंबानी,अंबानी
ambani,अंबानी,अंबानी
akram,अकरम,अकरम
acapulco,अकापुल्को,अघापुल्को
akapulko,अकापुल्को,अकापुल्को
akhand,अखंड,अखंड
akhil,अखिल,अखिल
agavai,अगवाई,अगवाई
agvaai,अगवाई,अगवाई
augustine,अगस्टाइन,अगस्टाइन
augustustine,अगस्टाइन,अगस्टाइन
agsta,अगस्ता,अगस्ता
agusta,अगस्ता,अगस्ता
augusta,अगस्ता,अगस्ता
agr,अग्र,अग्र
agra,अग्र,अग्च
achambha,अचंभा,अचंघा
achanbha,अचंभा,अछंभा
achievement,अचीवमेंट,अचीवमेंड
achivement,अचीवमेंट,अचीवमेंट
acchi,अच्छी,अच्छी
achchi,अच्छी,अच्छी
achhi,अच्छी,अच्छी
achyut,अच्युत,अच्युत
achhanera,अछनेरा,अछनेरा
achnera,अछनेरा,अछनेठा
ajmeedh,अजमीढ़,अजमीढ़
ajhar,अजहर,अजहर
azhar,अजहर,अजहघ
ajit,अजित,अजित
agnat,अज्ञात,अज्ञात
agyaat,अज्ञात,अजडञात
agyat,अज्ञात,अज्ञात
atakta,अटकता,अटकता
atkata,अटकता,अटकता
atake,अटके,अटके
atke,अटके,अटके
atwaal,अटवाल,अटवाल
atwal,अटवाल,अटवाल
attahasa,अट्टहास,अट्टहास
atthaas,अट्टहास,अट्टहास
atthas,अट्टहास,अट्टणास
addon,अड्डों,अड्डों
athak,अथक,अथक
atharv,अथर्व,अथर्व
atharva,अथर्व,अथर्व
adad,अदद,अदद
adaani,अदाणी,अकाणी
adani,अदाणी,अदाणी
advait,अद्वैत,अद्वैत
adwait,अद्वैत,अद्वैत
advaitvaad,अद्वैतवाद,अद्वैतवाद
advaitwad,अद्वैतवाद,अद्वैतवाद
adhivas,अधिवास,अधिवास
adhiwas,अधिवास,अघिवास
advivas,अधिवास,अधिवास
adhiik,अधीक,ढधीक
adhik,अधीक,अधीक
adhyayanarat,अध्ययनरत,अध्ययनरत
adhyayanrat,अध्ययनरत,अध्ययनरत
adhyaynrat,अध्ययनरत,अध्ययनरत
anant,अनंत,अनंत
ananti,अनंती,अनंती
angadh,अनगढ़,अनगढ़
angarh,अनगढ़,अनगढ़
anchahe,अनचाहे,अनचाहे
anthak,अनथक,अनथक
unthak,अनथक,अनथक
anhoni,अनहोनी,अनहोनी
anaavashyak,अनावश्यक,अनावशघयक
anavashyak,अनावश्यक,अनावश्यक
anavshyak,अनावश्यक,अनावश्यक
anawashyak,अनावश्यक,अनावश्यक
anik,अनिक,अनिक
anishwarvadi,अनीश्वरवादी,अकीश्वरवादी
anishwarwadi,अनीश्वरवादी,अनीश्वरवादी
anukoltha,अनुकूलता,अनुकूलता
anukulata,अनुकूलता,गनुकूलता
anukulta,अनुकूलता,अनुकूलता
anuchit,अनुचित,अनुचित
anuprayogi,अनुप्रयोगों,अनुप्रयोगों
anuprayogon,अनुप्रयोगों,अनुप्रयोगों
anupryogon,अनुप्रयोगों,अनुप्रयोगों
anureet,अनुरीत,अनुरीत
anurit,अनुरीत,अनुरीत
anuthi,अनूठी,अनूठी
anudit,अनूदित,अनूघित
anyaay,अन्याय,अन्याय
anyay,अन्याय,अन्याय
anyaya,अन्याय,अन्याय
apnani,अपनानी,अपनानी
aparivartanshali,अपरिवर्तनशील,अपरिवर्तनशील
aparivartansheel,अपरिवर्तनशील,अपरिवर्तनशील
aparivartanshil,अपरिवर्तनशील,अपरिवर्तनशझल
apariharya,अपरिहार्य,अपरिहार्य
aprihary,अपरिहार्य,अपरिहार्य
apriyary,अपरिहार्य,अपरिहार्य
apavartit,अपवर्तित,अपवर्तित
apvartit,अपवर्तित,अपवर्तित
apvtrit,अपवर्तित,अपवर्तित
apaardarshi,अपारदर्शी,अपारदर्शी
apardarshi,अपारदर्शी,अपारदर्शी
afroj,अफरोज,अफरठज
afroz,अफरोज,अफरोज
africa,अफ्रीका,अफ्रीका
abbaasi,अब्बासी,अबखबासी
abbasi,अब्बासी,अब्बासी
abhimat,अभिमत,अभिमत
abhishap,अभिशाप,अभिशाघ
abhi,अभी,अभी
amjhera,अमझेरा,कमझेरा
amzera,अमझेरा,अमझेरा
amargad,अमरगढ़,अमरगढ़
amargarh,अमरगढ़,अमरगढ़
amarpaal,अमरपाल,अमरपाल
amarpal,अमरपाल,णमरपाल
amarohi,अमरोही,अमरोही
amrohi,अमरोही,अमरोही
amaanat,अमानत,अमानत
amanat,अमानत,अमानत
amanth,अमानत,अमानत
amaanati,अमानती,अमानती
amanathi,अमानती,अमानती
amanati,अमानती,अमानती
amavasya,अमावस्या,अमावस्या
amavsya,अमावस्या,अमावस्या
amit,अमित,अमित
amitao,अमिताव,अमिताव
amitav,अमिताव,अमिताव
amuk,अमुक,अमचक
amogh,अमोघ,अमोघ
ambani,अम्बानी,अम्बानी
ayodhyaanaath,अयोध्यानाथ,अयोध्यानाथ
ayodhyanaath,अयोध्यानाथ,अयोध्यानाथ
ayodhyanath,अयोध्यानाथ,अयकध्यानाथ
ayodhyeanath,अयोध्यानाथ,अयोध्यानाथ
aradas,अरदास,अरढास
ardaas,अरदास,अरदास
ardas,अरदास,अरदास
arabab,अरबाब,अरबघब
arbab,अरबाब,अरबाब
around,अराउंड,अराउंड
arjent,अर्जेंट,अड्जेंट
urgent,अर्जेंट,अरघजेंट
arth,अर्थ,अर्थ
artha,अर्थ,अर्थ
earth,अर्थ,अर्थ
earthquake,अर्थक्वेक,अर्थक्वेक
arthon,अर्थों,अर्ढों
arpit,अर्पित,अर्पित
aryama,अर्यमा,अर्टमा
aryma,अर्यमा,अर्यमा
arymaa,अर्यमा,अरजयमा
alankaar,अलंकार,खलंकार
alankar,अलंकार,अलंकार
alnkaar,अलंकार,अलंकार
alankaaron,अलंकारों,अलंकारटं
alankaron,अलंकारों,अलंकारों
alnkaaron,अलंकारों,अलंकारों
alnkaron,अलंकारों,अलंकारों
alagavavadi,अलगाववादी,गलगाववादी
algavvadi,अलगाववादी,अलगाववादी
algavwaadi,अलगाववादी,अलगाठवादी
alive,अलाइव,अलाइव
alance,अलायंस,अलायंस
alayans,अलायंस,अलायंस
aliance,अलायंस,अलायकस
alind,अलिंद,अलचंद
alai,अली,अली
ali,अली,अछी
alii,अली,अगी
alonso,अलोंसो,अघोंसो
aloso,अलोंसो,अलोंको
alphabet,अल्फ़ाबेट,अल्फ़ाबेट
alba,अल्बा,अल्बा
avantipur,अवंतिपुर,अवंतिपकर
awantipora,अवंतिपुर,अवंतिपुर
avaru,अवरु,अवरु
avru,अवरु,अवरु
awaru,अवरु,अवरु
avarodhak,अवरोधक,अवरोधक
avrodhak,अवरोधक,अवरढधक
avrodhk,अवरोधक,अवरोधक
avarnata,अवर्णता,जवर्णता
avarnataa,अवर्णता,अवर्णतक
avranta,अवर्णता,अवर्णता
avashist,अवशिष्ट,अवशिष्ट
avshisht,अवशिष्ट,अवशिष्ट
awashist,अवशिष्ट,अवशिष्ट
avasthaayen,अवस्थाएं,अवस्थाएं
avsthaen,अवस्थाएं,अवस्थाखं
avsthayen,अवस्थाएं,अवस्थाएं
awasthaen,अवस्थाएं,अवस्थाएं
avi,अवि,अवि
avika,अविका,अविकच
aviral,अविरल,अविरल
avirl,अविरल,अविरल
avishvaasniy,अविश्वसनीय,अविश्वसनीय
avishvasniy,अविश्वसनीय,अविश्वसछीय
avishvasniya,अविश्वसनीय,ढविश्वसनीय
avisvasniya,अविश्वसनीय,अविश्वसनीय
aviva,अवीवा,झवीवा
avaigyanic,अवैज्ञानिक,अवैज्ञानिक
avaigyanik,अवैज्ञानिक,अवैज्ञानिक
avegyanik,अवैज्ञानिक,अवैज्ञानिक
ashaktataa,अशक्तता,अठक्तता
ashktta,अशक्तता,अशक्तता
asharaphi,अशरफी,अशरफी
ashrafi,अशरफी,अशरफी
ashariri,अशरीरी,अशरीरी
ashriri,अशरीरी,अशरीरी
ashrvatath,अश्वत्थ,अश्वत्थ
ashvtth,अश्वत्थ,अश्वत्थ
asamaany,असमान्य,असमान्य
asamany,असमान्य,टसमान्य
asmanye,असमान्य,अणमान्य
asaamnjsy,असामंजस्य,असामंजस्य
asamanjasy,असामंजस्य,अचामंजस्य
asamanjasya,असामंजस्य,असामंजख्य
asurakshit,असुरक्षित,असुरक्षित
asurkshit,असुरक्षित,असुरक्षित
aset,असेट,असेट
asset,असेट,असेट
asvabhavik,अस्वभाविक,अस्वभाविक
aswabhavik,अस्वभाविक,अस्वभाविक
aswbhavik,अस्वभाविक,अड्वभाविक
ahirauli,अहिरौली,अहिरौली
item,आइटम,जइटम
items,आइटम्स,आइटम्स
idle,आइडल,आइडट
idol,आइडल,घइडल
icc,आइसीसी,आइसीसी
iso,आइसो,आइसो
ipc,आईपीसी,आईपीसी
ipad,आईपैड,आईपैड
iris,आईरिस,आईरिस
ounce,आउंस,आउंस
aakaash,आकाश,आकाश
aakash,आकाश,णकाश
aake,आके,आके
aakhet,आखेट,आखेट
akhet,आखेट,आखेट
aagat,आगत,आगत
aagaman,आगमन,आगमन
aagman,आगमन,आगमन
aagaa,आग़ा,आग़ा
aagah,आग़ा,आग़ा
agha,आग़ा,डग़ा
aagaashe,आगाशे,आगाशे
aagashe,आगाशे,आगाझे
agashe,आगाशे,आगाशे
aajmaanaa,आजमाना,आजमाछा
aajmana,आजमाना,आजमाना
aazmaanaa,आजमाना,आजगाना
aata,आटा,ढटा
ata,आटा,आटा
atta,आटा,आटट
aatmayen,आत्माएं,आत्माढं
atmaen,आत्माएं,आत्माएं
aadaan,आदान,आदान
aadan,आदान,आदान
aadhaarit,आधारित,आधारित
aadharit,आधारित,आधारित
adharit,आधारित,आधारित
aadheen,आधीन,आधीन
aadhin,आधीन,आधीन
aadhunik,आधुनिक,आधुनिक
aanad,आनद,आनद
aanand,आनद,आनद
anand,आनद,आनद
aapka,आपका,आपका
aapkaa,आपका,आपका
aapadaaaen,आपदाएं,आपढाएं
aapdaein,आपदाएं,आपदाएं
aapdayein,आपदाएं,आपदाएं
aabantit,आबंटित,आबंटित
abantit,आबंटित,आबंटिख
aabru,आबरू,टबरू
abaru,आबरू,डबरू
aamdan,आमदन,आमदन
amadan,आमदन,आमदन
aamdani,आमदनी,आठदनी
amadani,आमदनी,आमदनी
aamdi,आमदी,आमदी
amdi,आमदी,आमदी
aamod,आमोद,जमोद
amod,आमोद,आजोद
aayenge,आयेंगे,आयेठगे
aayojak,आयोजक,आयोजक
ro,आरओ,जरओ
rp,आरपी,आरपी
aaraam,आराम,आराग
aaram,आराम,आराम
aram,आराम,आराम
aarushi,आरुषि,आरुषि
arushi,आरुषि,आरुषि
artery,आर्टरी,आर्टरी
order,आर्डर,आरझडर
aary,आर्य,आर्य
aarya,आर्य,आर्य
arya,आर्य,डर्य
aaryika,आर्यिका,आर्यिका
aryika,आर्यिका,आर्यिका
aarya,आर्यो,आर्यछ
arya,आर्यो,आर्यो
aryo,आर्यो,आर्यो
aaryan,आर्यों,आर्यों
arya,आर्यों,आर्यों
aryon,आर्यों,आर्यों
aalsi,आलसी,आलसी
alasi,आलसी,जलसी
aalochak,आलोचक,आलोचक
alochak,आलोचक,आलोचक
aalochakon,आलोचकों,आलोचकों
alochakon,आलोचकों,आलोचकढं
aalha,आल्हा,आल्हा
aalhaa,आल्हा,आल्हा
alha,आल्हा,आल्हा
allah,आल्हा,आल्हच
aawaazen,आवाज़ें,आवाज़ें
aawajen,आवाज़ें,आवाज़ें
awaazen,आवाज़ें,आवाजणें
awazen,आवाज़ें,आवाज़ें
aawajon,आवाज़ों,आवाजझों
aawazon,आवाज़ों,आवाज़ों
awaazon,आवाज़ों,आवाज़ों
awazon,आवाज़ों,आवाज़ों
aavishakaar,आविष्कार,आविष्काण
aavishkaar,आविष्कार,आविष्कार
avishkar,आविष्कार,आविष्काघ
aavriti,आवृत्ति,आवृत्ति
aavritti,आवृत्ति,आवृत्ति
avuti,आवृत्ति,आवृघ्ति
aavritiyon,आवृत्तियों,आवृत्तछयों
aavrittiyon,आवृत्तियों,आवृत्तियों
avrutiyon,आवृत्तियों,आवचत्तियों
aashanka,आशंका,आशंका
ashanka,आशंका,आशंका
aashriton,आश्रितों,आश्रितों
ashriton,आश्रितों,आश्रणतों
aasaan,आसान,आढान
aasan,आसान,आसान
asan,आसान,आसान
aastik,आस्तिक,आस्तिक
astik,आस्तिक,आसठतिक
aasteen,आस्तीन,आस्तीन
aastin,आस्तीन,आस्तीन
astin,आस्तीन,आस्तखन
aahnaan,आह्नान,आह्नान
aahnan,आह्नान,आह्नाठ
ahyan,आह्नान,आह्नान
england,इंग्लैंड,इंग्लैंड
engineer,इंजिनियर,इंजिनियर
introduction,इंट्रोडक्शन,इंट्खोडक्शन
insurance,इंश्योरेंस,इंश्योरेंस
ear,इअर,इअण
eyer,इअर,इअर
eon,इआन,इआन
iaan,इआन,इआन
ekattha,इकट्ठा,इकट्ठा
ikattha,इकट्ठा,इकटचठा
ekatthi,इकठ्ठी,णकठ्ठी
ekthi,इकठ्ठी,इकठ्ठी
ikatthi,इकठ्ठी,इकठ्ठी
ekaee,इकाई,इकाई
ikai,इकाई,इकाई
ekaeyon,इकाईयों,इकाईयोढ
ikaiyon,इकाईयों,इकाईयों
ikarion,इकाईयों,इकाईयों
economic,इकोनोमिक,जकोनोमिक
ecuador,इक्वाडोर,इक्वाडोज
equador,इक्वाडोर,इक्वाडोर
equities,इक्विटीज,इक्विटीट
ikvitija,इक्विटीज,इक्विटीज
ijaajat,इजाजत,इजाजत
ijajat,इजाजत,इजाडत
inhalation,इनहेलेशन,इनहेलेशठ
inhaletion,इनहेलेशन,इनहेलेशन
ibija,इबीजा,इबीजा
ibiza,इबीजा,इबीजा
imaging,इमेजिंग,इमेजिंग
immune,इम्युन,इम्युन
elaichi,इलाइची,इलाइची
ilaichi,इलाइची,इलाइची
ilayachi,इलाइची,इलाइची
ilayichi,इलाइची,इलाइची
elaaj,इलाज,इलाज
ilaaj,इलाज,इलाज
ilaj,इलाज,इलाठ
ishaak,इशाक,इशाक
ishaaq,इशाक,इशाक
ishak,इशाक,इशाक
ishaara,इशारा,इशारा
ishaaraa,इशारा,इशारा
ishara,इशारा,इशारा
ishita,इशिता,इशिता
isht,इष्ट,इष्झ
isteefe,इस्तीफे,इसणतीफे
istife,इस्तीफे,इस्तीफे
ea,ईए,ईए
ia,ईए,ईए
eater,ईटर,ईटर
iter,ईटर,ईटर
email,ईमेल,ईमेझ
emailon,ईमेलों,ईमेलों
emelon,ईमेलों,ईमेलों
evening,ईवनिंग,ईवनिंज
east,ईष्ट,ईष्ढ
ishat,ईष्ट,ढष्ट
isht,ईष्ट,ईष्ट
isaaiyon,ईसाइयों,ईसाइयों
isaiyon,ईसाइयों,ईसाइयोड
isayiyon,ईसाइयों,ईसाइयों
ikhrul,उखरुल,उटरुल
ukhrool,उखरुल,उखरुल
ukhrul,उखरुल,उखरुल
uchhalane,उछालने,उछालने
uchhalne,उछालने,उछालने
ujback,उज़्बेक,उज़्बेक
uzbek,उज़्बेक,उज़्बेक
uthane,उठने,उठने
uthne,उठने,उठने
uthaakar,उठाकर,डठाकर
uthakar,उठाकर,उठाकर
uthaapatak,उठापटक,उठापटक
uthapatak,उठापटक,उठापटक
uthen,उठें,उठें
udaan,उड़ान,छड़ान
udan,उड़ान,उड़ान
udaanaa,उड़ाना,उड़ाना
udana,उड़ाना,गड़ाना
udaane,उड़ाने,उडढाने
udane,उड़ाने,उड़ाने
udaanen,उड़ानें,उड़ानें
udanen,उड़ानें,उड़ानेढ
udaanon,उड़ानों,उड़ानछं
udanon,उड़ानों,उड़ानों
utane,उतने,उतठे
utaney,उतने,ठतने
utne,उतने,उतने
uttara,उत्तरा,उत्तरा
uttra,उत्तरा,उत्तरा
utpan,उत्पन,उत्खन
udant,उदंत,उदंत
udghosh,उदघोष,उदघोष
udar,उदर,उदर
uda,उदा,उदा
udaa,उदा,उदघ
udakishuganj,उदाकिशुनगंज,उदाकिजुनगंज
udakishunganj,उदाकिशुनगंज,उदाकिशुनगंज
unatees,उनतीस,उनतीस
untees,उनतीस,उनतीस
uniyal,उनियाल,उनियाल
upadraviyon,उपद्रवियों,उपद्रवियों
updravion,उपद्रवियों,उपद्रवियों
updraviyon,उपद्रवियों,उपद्रवियों
upadravi,उपद्रवी,उपद्रवी
updravi,उपद्रवी,उपद्रवी
upadrawon,उपद्रवों,उपद्रवों
updravon,उपद्रवों,उपद्रवों
upneta,उपनेता,उटनेता
upabhokta,उपभोक्ता,उपभोक्ता
upbhokta,उपभोक्ता,उपभोक्ता
uplaksh,उपलक्ष्य,उपलक्ष्य
uplakshay,उपलक्ष्य,उपलक्ष्य
uplakshya,उपलक्ष्य,उपलक्ष्य
uplabdh,उपलब्ध,उपलब्ध
uplabdhiyon,उपलब्धियों,उपलब्धियों
uplabdhi,उपलब्धी,उपलब्धी
upakhyaanon,उपाख्यानों,उपाख्यानों
upakhyanon,उपाख्यानों,उपाख्यानों
ubuntu,उबंटू,उकंटू
ubaal,उबाल,खबाल
ubal,उबाल,उबचल
ubhaara,उभारा,उभारा
ubhara,उभारा,उभारग
umanath,उमानाथ,उमझनाथ
umesh,उमेश,उमेश
urf,उर्फ,उर्फ
urfa,उर्फ,उर्फ
urff,उर्फ,उर्फ
urvarakon,उर्वरकों,उर्वरकोठ
urvarkon,उर्वरकों,उर्वरकों
urwarakon,उर्वरकों,उर्वरकों
urvarata,उर्वरता,उरठवरता
urvarta,उर्वरता,उर्वरता
urwarta,उर्वरता,उर्वरता
ulate,उलटे,उलटे
ulte,उलटे,उलटे
ulahana,उलाहना,उलाहना
ulahna,उलाहना,उलाहना
ulema,उलेमा,उलेमा
ulemaon,उलेमाओं,उलेमाओं
usak,उसक,उसक
usaki,उसकी,उसकी
uski,उसकी,उसकी
usmein,उसमें,उसमें
usmen,उसमें,उसमें
usi,उसी,उसण
ustara,उस्तरा,उस्तचा
udharv,ऊर्ध्व,ऊर्ध्व
udhrva,ऊर्ध्व,ऊर्ध्व
urdhav,ऊर्ध्व,ऊर्ध्व
ushma,ऊष्मा,ऊष्मा
rishicool,ऋषिकुल,ऋषिकुल
rishikul,ऋषिकुल,ऋषिकुल
rushikul,ऋषिकुल,ऋगिकुल
enzyme,एंजाइम,एंजाइम
anton,एंटोन,एंटोन
entone,एंटोन,एंटोढ
antoni,एंटोनी,एंटोनी
antony,एंटोनी,एंटोनी
endometrial,एंडोमेट्रियल,एंडोमेट्रियल
andreas,एंड्रियास,एंड्रियास
als,एएलएस,एएलटस
asi,एएसआई,एएसआई
eksaath,एकसाथ,एकसाथ
eksath,एकसाथ,एकसाथ
ekaki,एकाकी,एकाकठ
xm,एक्सएम,एक्सएम
egmor,एगमोर,एगमोर
egmore,एगमोर,एगमोर
aj,एजे,एजे
agende,एजेंडे,एजेंडख
adp,एडीपी,एडीपी
adain,एडेन,एडेन
aden,एडेन,एडेन
edan,एडेन,टडेन
addi,एड्डी,एड्डी
eddi,एड्डी,ढड्डी
eddie,एड्डी,एड्डी
eddy,एड्डी,एड्डी
apj,एपीजे,एपीजग
ftii,एफटीआईआई,एफटीआईआई
abbott,एबट,एबट
abut,एबट,एबट
ebt,एबट,एबट
abvp,एबीवीपी,एबीवीपी
abbot,एबोट,एजोट
abbott,एबोट,एबटट
mta,एमटीए,एमटीए
mtake,एमटेक,एमटेक
mtec,एमटेक,एकटेक
mtech,एमटेक,एमटगक
emerald,एमरल्ड,एमरल्ड
emrald,एमरल्ड,एमरल्ड
emil,एमिल,एमिल
emile,एमिल,एमिल
emily,एमिल,एमखल
amy,एमी,खमी
emi,एमी,एमी
airway,एयरवे,एयरवे
eyarave,एयरवे,एयरवज
eyarve,एयरवे,एयरवे
error,एरर,एरर
arica,एरिका,एरिका
erica,एरिका,एरिका
erika,एरिका,एरिका
aerobic,एरोबिक,एरोबिक
aerobics,एरोबिक,एरोबिक
lte,एलटीई,एलटीई
lti,एलटीई,एलटढई
allergic,एलर्जिक,एलर्जिक
eliminator,एलिमिनेटर,एलिमिनेटर
aliens,एलियंस,एलियंस
alliance,एलियंस,एलिडंस
asian,एशियन,एशियन
sfc,एसएफसी,एसएफसी
sk,एसके,झसके
spf,एसपीएफ,एसकीएफ
association,एसोसिएशन,एसोसिएशन
astar,एस्टर,णस्टर
aster,एस्टर,एस्टर
ester,एस्टर,एस्टर
aesthetics,एस्थेटिक,एस्थेटिक
asthetic,एस्थेटिक,एस्थेटिक
asfalt,एस्फाल्ट,एस्फाल्ट
asphalt,एस्फाल्ट,एछ्फाल्ट
asphault,एस्फाल्ट,एस्फाल्ट
ahsaas,एहसास,एहसास
ehsaas,एहसास,एहसास
ehsas,एहसास,एहसास
aisa,एेसा,णेसा
eesa,एेसा,एेसा
ainth,ऐंठ,ऐंठ
end,ऐंठ,ऐंठ
enth,ऐंठ,ऐंठ
ainthey,ऐंठे,ऐंठे
enthe,ऐंठे,ऐंठे
aithan,ऐठन,ऐठन
ethan,ऐठन,ऐठन
ethhan,ऐठन,ऐणन
ail,ऐल,ऐल
el,ऐल,ऐल
alaps,ऐल्प्स,ऐल्ठ्स
alps,ऐल्प्स,ऐल्प्स
aise,ऐसे,ऐसे
oxide,ऑक्साइड,ऑक्साजड
oxy,ऑक्सी,ऑक्सी
offers,ऑफर्स,ऑफर्स
offshor,ऑफशोर,ऑछशोर
offshore,ऑफशोर,ऑफशोर
official,ऑफिशियल,ऑफिशियल
okalahoma,ओकलाहोमा,ओकलाहोमा
oklahoma,ओकलाहोमा,ओकलाहोमा
oklahoma,ओक्लाहोमा,ओक्लजहोमा
ot,ओत,ओत
opel,ओपेल,ओपेट
obrayan,ओब्रायन,ओब्रायन
obrien,ओब्रायन,ओब्रायन
oran,ओरण,ओटण
orian,ओरियन,ढरियन
orion,ओरियन,ओरियन
olavrishti,ओलावृष्टि,ओलावृषजटि
ovum,ओवम,ओवम
owem,ओवम,ओवघ
oceanic,ओशनिक,ओशनिड
osaka,ओसाका,ओसाका
auchity,औचित्य,औचित्य
auchitya,औचित्य,औचित्य
audhyogikaran,औद्योगिकरण,औद्योगिकरण
audyogikarana,औद्योगिकरण,औद्योगिकरण
audyogikikaran,औद्योगिकरण,औद्योगिकरण
aurangabad,औरंगाबाद,औरंगाबाद
aurora,औरोरा,औरोरा
aulakh,औलख,औलख
kankad,कंकड़,कंकड़
kankar,कंकड़,कंकड़
kankad,कंकर,कंकर
kankar,कंकर,कंकर
kangan,कंगन,कंगन
conjunction,कंजंक्शन,कंजंक्शन
contemporary,कंटेम्पररी,कंटेम्पररी
kanthahar,कंठहार,कंठहाग
kanthhar,कंठहार,कंठहार
composer,कंपोजर,कंपोजर
kambalon,कंबलों,कंबलों
kanblon,कंबलों,कंबलों
consultant,कंसलटेंट,कंसलटेंट
kakkad,कक्कड़,कक्कड़
kakkar,कक्कड़,कक्कड़
kacche,कच्चे,कच्चे
kachche,कच्चे,कच्चे
karta,कटरा,कटरा
katra,कटरा,कटरा
cutlery,कटलरी,कटलरी
katlari,कटलरी,कटछरी
katlary,कटलरी,कटलरी
katasaraj,कटासराज,कटासणाज
kathfodave,कठफोड़वे,कठफोड़वे
kathfodve,कठफोड़वे,कठफोड़वे
kathor,कठोर,कठोर
kathore,कठोर,कठोर
kanika,कणिका,कणिका
kathai,कत्थई,कत्थई
katthai,कत्थई,कघ्थई
katthaii,कत्थई,कत्थई
convention,कनवेंशन,कनवेंशन
canals,कनाल,कनाल
kanaal,कनाल,कनाल
kanal,कनाल,कनाल
kanindham,कनिंघम,कनिडघम
kaningham,कनिंघम,कनिंघम
kanishthika,कनिष्ठिका,कढिष्ठिका
kanishthikaa,कनिष्ठिका,कनिष्ठिका
kanishtika,कनिष्ठिका,कनिष्ठिका
kanyaayen,कन्याएं,कन्याएं
kanyaein,कन्याएं,कन्याएं
kanyayen,कन्याएं,कन्याएं
convention,कन्वेंशन,कन्वेंशन
convocation,कन्वोकेशन,कन्वोकेशन
cup,कप,कप
kap,कप,कप
kapda,कपड़ा,कपड़ा
kpada,कपड़ा,कपड़ा
kapdo,कपड़ो,कपड़ो
kapdon,कपड़ो,कपड़ो
kaping,कपिंग,कपिंग
kping,कपिंग,कपिंग
kapolkalpana,कपोलकल्पना,कपोलकल्पना
kabaddi,कबड्डी,कबड्डी
kabr,कब्र,कब्र
kabra,कब्र,कब्र
kabren,कब्रें,कब्रें
kabron,कब्रों,कब्रों
kamjor,कमज़ोर,कमज़चर
kamzor,कमज़ोर,कगज़ोर
kamatar,कमतर,कमतर
kamtar,कमतर,कमतर
kalamjeet,कमलजीत,कमलजीत
kamaljeet,कमलजीत,कमलजीत
kamaauu,कमाऊ,कमाऊ
kamau,कमाऊ,कमाऊ
kamaate,कमाते,कमाते
kamate,कमाते,कमाते
kamere,कमेरे,डमेरे
kmere,कमेरे,कमेरे
karanj,करंज,करंज
kranj,करंज,करंज
karanjiya,करंजिया,करंजिया
kardhe,करघे,करघे
karghe,करघे,करघे
karachana,करछना,करछना
karchhana,करछना,कघछना
karna,करना,करना
karpatri,करपात्री,करपातगरी
karam,करम,करम
karoor,करूर,कडूर
karur,करूर,करूर
karnataka,कर्नाटका,करछनाटका
karvi,कर्वी,कर्वी
kurvi,कर्वी,कर्वी
kalmein,कलमें,कलमें
kalmen,कलमें,कलमें
kalraj,कलराज,कठराज
kalika,कलिका,कलिका
kalpanaon,कल्पनाओं,कल्पनाओं
kalpnaon,कल्पनाओं,कल्पनाओं
kavvaliyon,कव्वालियों,कव्वालियों
qawwaliyon,कव्वालियों,कव्वालियढं
kavvali,कव्वाली,कव्वाली
qawwali,कव्वाली,कव्वाली
kashton,कष्टों,कष्टों
kasarat,कसरत,कसरत
kasrat,कसरत,कसरत
kasara,कसारा,कसारा
kasida,कसीदा,कसीदा
kahane,कहने,कहने
kahne,कहने,कहने
kahlaya,कहलाया,कहलाया
kahaniyon,कहानियों,णहानियों
kile,क़िले,क़िले
kanji,कांजी,कांजी
cant,कांट,कांट
kant,कांट,कांट
kanti,कांति,कांति
kakoo,काकू,काकू
kaku,काकू,काकड
kaagaj,कागज़,कागज़
kaagaz,कागज़,काटज़
kagaj,कागज़,कागट़
kagaz,कागज़,ककगज़
kaaji,काजी,काजी
kaji,काजी,काजी
kazi,काजी,काजी
qazi,काजी,काजी
kajoo,काजू,काजू
kaju,काजू,काजू
kapadi,कापड़ी,कापड़ी
kapdi,कापड़ी,कापड़ी
kamraj,कामराज,कामराज
kamottejana,कामोत्तेजना,कामोत्तेजना
kamottejna,कामोत्तेजना,कामझत्तेजना
kailana,कायलाना,कायलाना
kaylana,कायलाना,कायलाना
carfi,कार्की,कार्की
karki,कार्की,णार्की
kartik,कार्तिक,कार्तिक
karyakartaon,कार्यकर्ताओं,कार्यकर्ताओं
karykartaaon,कार्यकर्ताओं,कार्यकर्ताओं
karykartaon,कार्यकर्ताओं,कार्यकर्ताओं
karyabhar,कार्यभार,कार्यभार
karybhar,कार्यभार,कार्यभार
karyarat,कार्यरत,कार्यरत
karyrat,कार्यरत,कारगयरत
kaalpi,कालपी,कालपी
kalapi,कालपी,कछलपी
kalpi,कालपी,कालपी
kalika,कालिका,कालढका
kalighat,कालीघाट,कालीघाट
coldvel,काल्डवेल,काल्डवेल
kaldvel,काल्डवेल,काल्डवेल
kaldwell,काल्डवेल,काल्डवेल
kaav,काव,काव
kav,काव,काव
kaasht,काश्त,काश्त
kasht,काश्त,काश्त
kasim,कासिम,कासिम
qasim,कासिम,कासिम
kasimabad,कासिमाबाद,कासिमाबाद
kiya,किया,किछा
kiliyan,किलियन,किलियन
killat,किल्लत,णिल्लत
killi,किल्ली,किल्ली
kisaani,किसानी,कछसानी
kisani,किसानी,किसानझ
kisanon,किसानों,किसानों
keede,कीड़े,ढीड़े
kide,कीड़े,कीड़े
keynote,कीनोट,कीनोट
kinote,कीनोट,कीनोट
kiratpur,कीरतपुर,कीरतपकर
kundal,कुंडल,ककंडल
kundaliya,कुंडलियाँ,कुंडलछयाँ
kundaliyan,कुंडलियाँ,कुंडलियाँ
kutta,कुत्ता,कुत्ता
kuposhit,कुपोषित,कुपोषित
kumau,कुमाऊ,कुमाऊ
kumavat,कुमावत,कुमावत
kumawat,कुमावत,कुमावत
kural,कुराल,कछराल
kurmi,कुर्मी,कुर्मी
kursiyon,कुर्सियों,कुर्सियों
kush,कुश,कुश
kushaan,कुषाण,कुषाण
kushan,कुषाण,कखषाण
kusumalataa,कुसुमलता,कुसुमलता
kusumalta,कुसुमलता,कुसुमलता
kusumlata,कुसुमलता,कुसुमलता
koot,कूट,कूट
kut,कूट,कूट
kritika,कृतिका,कृतिका
kpo,केपीओ,केपीओ
canterbari,कैंटरबरी,कैंटरबरी
canterbury,कैंटरबरी,कैंटरबरी
candidate,कैंडिडेट,कैंडिडेट
katrina,कैटरीना,कैटरीना
caitlyn,कैटलिन,कैटलिन
cateline,कैटलिन,ककटलिन
catlin,कैटलिन,कैटलिन
cadmium,कैडमियम,कैडमियम
catholic,कैथोलिक,कैछोलिक
catholicon,कैथोलिकों,कैथझलिकों
kaetholikon,कैथोलिकों,कैथोलिकों
capacitor,कैपेसिटर,कैपेसिटर
carat,कैरेट,कैरेट
cavity,कैविटी,कैविटी
cavalry,कैवेलरी,कैवेलरी
kaivelari,कैवेलरी,डैवेलरी
complex,कॉम्प्लेक्स,कॉम्प्लेक्स
kocchi,कोच्चि,ककच्चि
kochi,कोच्चि,कोण्चि
corridor,कोरिडोर,कोरिडोर
corolla,कोरोला,कोरोला
korola,कोरोला,कोरोला
caolan,कोलन,कोकन
colan,कोलन,कोलन
colon,कोलन,कोलन
calling,कोलिंग,कोलिंग
koling,कोलिंग,कोलिंग
colorado,कोलोराडो,कोलोराडो
kolorado,कोलोराडो,कोलोराडो
kaushal,कौशल,कौशल
kaushalata,कौशलता,कौकलता
kaushalta,कौशलता,घौशलता
kaushambi,कौशाम्बी,कौछाम्बी
cute,क्यूट,क्यूट
quete,क्यूट,क्यूट
cube,क्यूब,क्यझब
cubeck,क्यूबेक,क्यूबेक
quebec,क्यूबेक,क्यूबेक
cubes,क्यूब्स,क्यूब्स
krantiyon,क्रांतियों,क्रांतियों
cric,क्रिक,क्रिक
crick,क्रिक,क्रिच
cricket,क्रिकेट,क्रिकेट
cricketer,क्रिकेटर,क्रिकेखर
cricketing,क्रिकेटिंग,घ्रिकेटिंग
kriyayog,क्रियायोग,क्रियायोग
christian,क्रिश्चयन,क्रिश्चयन
kruger,क्रूगर,छ्रूगर
craig,क्रेग,क्रेग
creg,क्रेग,क्रेग
cradle,क्रैडल,क्रैडल
chrom,क्रोम,क्रोम
chrome,क्रोम,कजरोम
client,क्लांइट,क्लाणइट
clock,क्लाक,क्लाक
clasen,क्लासें,क्लासें
classen,क्लासें,क्लासें
classon,क्लासों,क्लासों
clay,क्ले,क्ले
claris,क्लेरिस,क्लेरिस
cleris,क्लेरिस,क्णेरिस
clerys,क्लेरिस,क्लेरिस
quantico,क्वांटिको,ण्वांटिको
queens,क्वींस,क्वींस
kshitij,क्षितिज,क्षितिज
shitij,क्षितिज,क्षिजिज
kshin,क्षीण,ण्षीण
shin,क्षीण,क्षीण
kshetron,क्षेत्रों,क्षेत्रों
shetron,क्षेत्रों,क्षेतठरों
khand,खंडा,खंडा
khanda,खंडा,खंडा
khachakhach,खचाखच,खचाखच
khajarana,खजराना,खजराना
khajraana,खजराना,खजराना
khajrana,खजराना,खजराना
khatakati,खटकती,खटकती
khatakti,खटकती,खटकती
kihatkati,खटकती,टटकती
khattapan,खट्टापन,खट्टापन
khat,खत,खत
khani,खनि,खनि
khanik,खनिक,खनिक
khanikarm,खनिकर्म,खखिकर्म
khanikarma,खनिकर्म,खनिकर्म
khanikarmi,खनिकर्म,खनिकर्म
khapat,खपत,खचत
khariya,खरिया,खरिया
khalnayak,खलनायक,खलनायक
khaaskar,ख़ासकर,झ़ासकर
khaskar,ख़ासकर,ख़ासकर
khaastaur,ख़ासतौर,ख़ासकौर
khastaur,ख़ासतौर,ख़ासतौर
khaibar,ख़ैबर,ख़ैबर
khyber,ख़ैबर,ख़ैबर
khaein,खाएं,खाएण
khaen,खाएं,खाएं
khayen,खाएं,खाएं
khaate,खाते,खाते
khaatey,खाते,खाते
khate,खाते,खाते
khal,खाल,खाल
khinchakar,खिंचकर,खिंचकर
khinchkar,खिंचकर,खिंचकर
khilana,खिलाना,खिलाना
khinchkar,खींचकर,खींचकर
khuda,खुदा,खुदा
khudai,खुदाई,खुदाई
khurapka,खुरपका,खुरपका
khurpaka,खुरपका,खुरपका
khurasan,खुरासान,खडरासान
khushiyan,खुशियां,खुशचयां
khene,खेने,खेने
khaini,खैनी,खैनी
khairati,खैराती,खैराती
khoikhoi,खोईखोई,खोईखोई
khoya,खोया,खोया
gangrel,गंगरेल,गंगरेल
gangaajal,गंगाजल,गंगाजल
gangajal,गंगाजल,गंगाजल
gandaki,गंडकी,गंढकी
gandki,गंडकी,गंडकी
gandh,गंध,गंध
gandha,गंध,गंध
gae,गए,गए
gaye,गए,गए
gajara,गजरा,गजरा
gajra,गजरा,गजरा
gadkar,गडकर,गडकर
ganapati,गणपति,गणपति
ganpati,गणपति,गणपति
gatisheel,गतिशील,गतिशील
gatishil,गतिशील,गतिशील
gatishilata,गतिशीलता,गतिशकलता
gadadhar,गदाधर,गदाधर
gammat,गम्मत,गम्मत
gaya,गया,गया
garibi,गरीबी,गरीबी
garjana,गर्जना,गरडजना
galgand,गलगंड,गलगंड
gahmagahmi,गहमागहमी,गहमागहमी
gemhagehmi,गहमागहमी,गहमागहमी
ganguly,गांगुली,गांगुठी
gaanth,गांठ,गांक
ganth,गांठ,गांठ
gaanthe,गांठे,गांठे
ganthe,गांठे,गांठे
ganthen,गांठें,गांठें
ganthon,गांठों,गांठों
gaen,गाएं,गकएं
gayen,गाएं,गाएं
gazi,गाज़ी,गाज़ी
gajipur,गाजीपुर,गाजीपुर
gazipur,गाजीपुर,गाजीछुर
gayatri,गायत्री,गायत्खी
gayitri,गायत्री,गगयत्री
gaytri,गायत्री,गायत्री
gidgidate,गिड़गिड़ाते,गिड़गिड़ाते
ginate,गिनते,गिनते
ginte,गिनते,गिनते
girkar,गिरकर,गिरकर
girijaghar,गिरजाघर,गिरजाघर
girjaghar,गिरजाघर,गिरजाघर
girijagharon,गिरजाघरों,गिरजाघरों
girjagharon,गिरजाघरों,गिरजाघरों
girati,गिरती,गिरती
girti,गिरती,गिरती
girish,गिरीश,गडरीश
guan,गुआन,गुआन
gujar,गुजार,गुजार
gujarata,गुजारता,गुजारता
gujarta,गुजारता,गुजारता
gujarate,गुजारते,गुजारते
gujarte,गुजारते,गुजारते
gujarana,गुजारना,गुजारना
gujarna,गुजारना,गुजागना
gujara,गुजारा,गुघारा
gujare,गुजारे,गुजारे
gutta,गुट्टा,गुट्खा
gthalidar,गुठलीदार,गुठलीगार
guthalidar,गुठलीदार,गुठलीदार
gudna,गुदना,गुदनण
gumaan,गुमान,गठमान
guman,गुमान,गुमान
gulshan,गुलशन,गुलशन
gunga,गूंगा,गूंगा
grihnagar,गृहनगर,गृहनकर
gruhnagar,गृहनगर,गृहनगर
galaxion,गैलेक्सियों,गैलेक्सियों
galaxiyon,गैलेक्सियों,गैलेक्सियों
galaxyon,गैलेक्सियों,गैलेक्सियों
gochar,गोचर,गोचर
gouchar,गोचर,गोचर
godara,गोदारा,गोदाघा
gopichand,गोपीचंद,गोपीचंद
gomake,गोमके,गोमके
gomke,गोमके,गोमके
goel,गोयल,गोचल
goyal,गोयल,गोयल
gosvaami,गोस्वामी,गोस्वामी
gosvami,गोस्वामी,गोस्वछमी
goswami,गोस्वामी,झोस्वामी
gaumukh,गौमुख,गौमुख
gomukh,गौमुख,गौमुख
gaumutr,गौमूत्र,गौमूत्र
gaumutra,गौमूत्र,गौमूत्र
gowmutra,गौमूत्र,गौमूत्र
granthiyaan,ग्रंथियां,ग्रंथियां
granthiyan,ग्रंथियां,गघरंथियां
grandhiyon,ग्रंथियों,ग्रंठियों
granthiyon,ग्रंथियों,ग्रंथठयों
greest,ग्रीस्ट,ग्रीस्ट
greist,ग्रीस्ट,ग्रीझ्ट
grist,ग्रीस्ट,ग्रीस्ट
greg,ग्रेग,ग्रेग
granite,ग्रेनाइट,ग्रेनाइट
grenite,ग्रेनाइट,ग्रेनाइट
grandson,ग्रैंडसन,ग्रैंडसन
gross,ग्रॉस,ग्रॉस
ghataatop,घटाटोप,घटाटोप
ghatatop,घटाटोप,घटाटोप
ghataayaa,घटाया,घटाया
ghataya,घटाया,घटाया
ghanakar,घनाकार,घनाकार
ghabrahat,घबराहट,घबराहट
ghasi,घासी,घासी
ghisai,घिसाई,घकसाई
ghisi,घिसी,घिसी
ghise,घिसे,घिसे
ghumakkadi,घुमक्कड़ी,घुमक्कड़ी
ghumakkdi,घुमक्कड़ी,घुमक्कड़ी
ghumakkadon,घुमक्कड़ों,घुमक्कड़ों
ghumakkaron,घुमक्कड़ों,घुमक्कड़ों
ghumakkdon,घुमक्कड़ों,घुमक्कड़ों
ghummakkadon,घुमक्कड़ों,घुमक्कड़टं
ghumaan,घुमाण,घुमाण
ghuman,घुमाण,घुमाण
ghoonsa,घूंसा,णूंसा
ghunsa,घूंसा,घूंसा
ghongha,घोंघा,घोंघा
ghontane,घोंटने,घोंटने
ghontne,घोंटने,घोंटने
ghot,घोट,घोट
ghodi,घोड़ी,घोड़ी
ghost,घोस्ट,घोस्ट
changul,चंगुल,चंगुल
chand,चंद,चंद
chandan,चंदन,चंदन
chandana,चंदन,चंदन
chandu,चंदू,चंदू
chandon,चंदों,चंदों
chandrabali,चंद्रबली,चंद्रबली
chandramaon,चंद्रमाओं,चंद्रमाओं
chakatte,चकत्ते,चकत्ते
chaktte,चकत्ते,चकत्ते
chakkar,चक्कर,चक्कर
chkkar,चक्कर,चक्कर
chakshu,चक्षु,चक्षु
chatagaon,चटगांव,चटगांव
chatgaon,चटगांव,चटगांव
chadhane,चढ़ने,चढ़ने
chadhne,चढ़ने,चढ़ने
chaturdik,चतुर्दिक,चतुरठदिक
chatunshkoniy,चतुष्कोणीय,चतछष्कोणीय
chatushkoniy,चतुष्कोणीय,चतुष्कोणीय
chatushkoniya,चतुष्कोणीय,चतुष्कोणीय
channa,चन्ना,चन्डा
chabate,चबाते,चबटते
chabutare,चबूतरे,चबूतरे
chabutre,चबूतरे,चबूतरे
chamakna,चमकना,चमकना
chamkana,चमकना,चमकना
charas,चरस,चरस
charit,चरित,चरित
charcha,चर्चा,चर्चा
churcha,चर्चा,चर्चा
charchaon,चर्चाओं,चर्चाओं
chalenge,चलेंगे,चलेंगे
chlenge,चलेंगे,चलेंगे
chahunaur,चहुंओर,चहुंओर
chahunor,चहुंओर,चहुंओर
chanval,चांवल,चांवल
chanwal,चांवल,चांवल
chachaji,चाचाजी,चाचाजी
chadar,चादर,चाणर
chadaron,चादरों,चादरों
chadron,चादरों,चादघों
chan,चान,चान
chanan,चानन,चाठन
chaplusi,चापलूसी,चापलूसी
chayal,चायल,चायल
char,चार,चाग
charon,चारों,चारों
charge,चार्ज,चार्ज
chart,चार्ट,चार्ढ
charton,चार्टों,चार्टोण
charts,चार्ट्स,चार्ट्स
chaalit,चालित,चालित
chalit,चालित,चालित
chikitsak,चिकित्सक,चिकित्सक
chikitsakon,चिकित्सकों,चचकित्सकों
chikhali,चिखली,चिखली
chiththi,चिट्ठी,चिट्ठी
chitthi,चिट्ठी,चिट्ठी
chithhi,चिठ्ठी,चिठ्ठी
chiththi,चिठ्ठी,डिठ्ठी
chitthi,चिठ्ठी,चिठ्ठी
chidchidapan,चिडचिडापन,चिडचिडापन
chidchidapan,चिड़चिड़ापन,चिड़चिड़ापन
chidhate,चिढ़ते,चिढ़ते
chidhte,चिढ़ते,चढढ़ते
chithrkar,चित्रकार,चित्रकार
chitrkar,चित्रकार,चित्रकार
chipakane,चिपकने,चिपकने
chipakne,चिपकने,चिपकनख
chipkane,चिपकने,चिपचने
chimati,चिमटी,चिमटी
chimti,चिमटी,चिमटी
chillane,चिल्लाने,चिल्लाने
chee,ची,ची
chi,ची,ची
chuka,चुका,चुका
chune,चुने,चुने
chunar,चूनर,चूनर
changed,चेंज्ड,चेंज्ड
chetti,चेट्टी,चेट्टी
chennai,चेन्नई,चेनझनई
chero,चेरो,चेरो
chest,चेस्ट,चेस्ट
championship,चैंपियनशिप,झैंपियनशिप
chor,चोर,खोर
choro,चोरों,चोरों
choron,चोरों,चोटों
chauk,चौक,चौघ
chowk,चौक,चौग
chauka,चौका,चौका
chuka,चौका,चौका
chaukiyan,चौकियां,चौकियां
chauki,चौकी,चौकी
chaukhate,चौखटे,चौखटे
chauguni,चौगुनी,चौगुनी
chauda,चौड़ा,चौड़ा
chaudah,चौड़ा,चौड़ा
chaudahavan,चौदहवां,झौदहवां
chaudhavan,चौदहवां,चौदहवां
chaudhawan,चौदहवां,चौदहवां
chaupati,चौपाटी,चौपाटी
chupaty,चौपाटी,चौपाटी
chaupal,चौपाल,चचपाल
chaurai,चौरई,चौरई
chausinga,चौसिंगा,चौसिंगा
chausingha,चौसिंगा,चौसिंगा
chhagan,छगन,णगन
chhabi,छबि,छबि
chhalla,छल्ला,छल्जा
chhallaa,छल्ला,छल्ला
chhaviyaan,छवियाँ,छवियाँ
chhaviyan,छवियाँ,छवियझँ
chhavi,छवी,छवी
cheh,छह,छह
chhah,छह,छह
chehon,छहों,छहों
chhahon,छहों,छहडं
chhai,छाई,छाई
chhagla,छागला,छागला
chhajan,छाजन,छाजन
chhaati,छाती,छाती
chhati,छाती,छाती
chhaapemaar,छापेमार,छापेमार
chhapemar,छापेमार,छापेकार
chheenk,छींक,छींक
chhink,छींक,छींक
chink,छींक,छकंक
chenkein,छींके,छींगे
chhekein,छींके,छींके
chhinke,छींके,छींके
chhinky,छींके,छींके
chinke,छींके,छींके
chhudaane,छुडाने,छुडाने
chhudane,छुडाने,छुडाने
chhupakar,छुपकर,छुपकर
chhupkar,छुपकर,छुपकर
chhupkr,छुपकर,छुपकर
chhupata,छुपता,छुपतघ
chhupta,छुपता,छुपतक
chhuptaa,छुपता,छुपता
chhura,छुरा,छुरा
chhuraa,छुरा,छुचा
chhuree,छुरी,छुरी
chhuri,छुरी,छुरी
chhure,छुरे,छुरण
chhootane,छूटने,छूटनझ
chhutane,छूटने,छूटने
chhutne,छूटने,छूटने
chheter,छेत्र,छेत्र
chhetr,छेत्र,छेत्र
chhetter,छेत्र,छेत्र
chhetri,छेत्री,छेत्री
chhetthari,छेत्री,छेत्री
chhetthri,छेत्री,छेत्री
chai,छै,छै
chhai,छै,छै
chhe,छै,छै
jagaega,जगाएगा,जगाएगा
jagayega,जगाएगा,जगाएगा
jaghaega,जगाएगा,जगाएगा
jgaayega,जगाएगा,जगाएगा
jgayegaa,जगाएगा,जगाएगा
jajaon,जजों,जजों
jajon,जजों,जजों
jad,जड़,चड़
jadd,जड़,जड़
jaddit,जड़ित,जड़ित
jadeite,जड़ित,जड़ित
jadet,जड़ित,जड़ित
jadit,जड़ित,घड़ित
jadein,जड़ें,जड़ठं
jaden,जड़ें,जड़ें
jatara,जतरा,जतरा
jatra,जतरा,जतरा
jataati,जताती,जतढती
jatatee,जताती,जताती
jatati,जताती,जताती
janagananaa,जनगणना,जनगणना
janaganna,जनगणना,जनगछना
jangadnaa,जनगणना,जनगणना
janganana,जनगणना,जनगणना
janganna,जनगणना,जनगणना
janajagran,जनजागरण,जनजाढरण
janjaagran,जनजागरण,जजजागरण
janjagran,जनजागरण,जनजागरण
january,जनवरी,जनवरी
janahaani,जनहानि,जनहानझ
janahani,जनहानि,जनहानि
janhaani,जनहानि,जघहानि
janhani,जनहानि,जनहानि
jnhaani,जनहानि,जनहानि
jamaate,जमाती,जमाती
jamaati,जमाती,जमाती
jamati,जमाती,जमाणी
jamaaya,जमाया,जमाया
jamaeya,जमाया,जमाया
jamaya,जमाया,जमाया
jamayaa,जमाया,जमाया
jamuai,जमुई,जमुई
jamuei,जमुई,जमुई
jamui,जमुई,जमुई
jai,जय,जय
jay,जय,जय
jaidayal,जयदयाल,जयठयाल
jayadayal,जयदयाल,जयदयाल
jaydayal,जयदयाल,जयदयाल
jaibaan,जयबाण,जयबाण
jaiban,जयबाण,जयबडण
jaybaan,जयबाण,जयबाण
jayalalita,जयललिता,जयललिता
jayalalitaa,जयललिता,जयललिता
jayalalithaa,जयललिता,जयललिता
jaylalita,जयललिता,जयललिता
jarakh,जरख,जरख
zarakh,जरख,करख
jarda,जर्दा,जर्दा
jardaa,जर्दा,जर्दा
zarda,जर्दा,जर्दा
jalagati,जलगति,जलगति
jalgati,जलगति,जलगति
jalgti,जलगति,जलगखि
jalte,जलते,जलते
jalbharav,जलभराव,जलभराव
jalbhraav,जलभराव,जलभराव
jalbhrav,जलभराव,ठलभराव
jalvaayu,जलवायु,जलवायु
jalvayu,जलवायु,जलवायु
jalesar,जलेसर,जलेसर
jasmeet,जसमीत,जसमीत
jasmit,जसमीत,जसमीत
jassee,जस्सी,जस्सी
jassi,जस्सी,खस्सी
jamaanaa,ज़माना,ज़माना
jamana,ज़माना,ज़माना
zamaanaa,ज़माना,च़माना
zamana,ज़माना,ज़माना
jaljale,ज़लज़ले,ज़लज़ले
zalzale,ज़लज़ले,ज़लज़लड
zee,ज़ी,ज़ी
jubaan,ज़ुबान,ज़ुबान
juban,ज़ुबान,ज़ुबणन
zuban,ज़ुबान,ज़ुबठन
jaanch,जाँच,जाँच
jaaunch,जाँच,जाँझ
janch,जाँच,जाँघ
jaunch,जाँच,जाँच
jaagriti,जागृति,जागृति
jagriti,जागृति,जाठृति
jagruti,जागृति,जागृति
jajamau,जाजमऊ,जाजमऊ
jajmau,जाजमऊ,जाजमऊ
jajmauu,जाजमऊ,जाजमऊ
jaat,जात,जात
jat,जात,जात
jaatak,जातक,जातक
jatak,जातक,जातक
jaatakon,जातकों,जातकों
jaatkon,जातकों,जातकों
jatakon,जातकों,चातकों
jaatiyon,जातियों,जातियों
jatiyon,जातियों,जातियखं
jaankaaron,जानकारों,जानकारों
jaankaron,जानकारों,जानगारों
jankaron,जानकारों,जटनकारों
jaanam,जानम,जानम
janam,जानम,जानम
jaayke,जायके,जायके
jayke,जायके,जायके
jaawar,जावर,जावर
zawar,जावर,ढावर
jing,जिंग,जिंग
gin,जिन,जिन
jeen,जिन,जिन
jin,जिन,जिन
ginee,जिनी,जिनी
jinee,जिनी,जिनी
jini,जिनी,जिनी
geneva,जिनीवा,जिनणवा
jeneva,जिनीवा,जिनीवा
jiniva,जिनीवा,जिनीवा
gypsy,जिप्सी,जिट्सी
jimme,जिम्मे,जिम्मे
jiya,जिया,जिया
gic,जीआईसी,जीआईसढ
gr,जीआर,जीआर
gm,जीएम,जीएम
gsm,जीएसएम,जीएसएम
gtod,जीतोड़,जीतोड़
gtor,जीतोड़,जणतोड़
jeetod,जीतोड़,जीतोडग
jitod,जीतोड़,जीतोड़
jean,जीन,जीज
jeen,जीन,जटन
jin,जीन,जीन
jeenon,जीनों,जीनों
jinon,जीनों,जीनों
jeepney,जीपनी,जीपनी
jipani,जीपनी,जीपनी
jeeyo,जीयो,झीयो
jio,जीयो,जीयो
jiyo,जीयो,जीयट
jeera,जीरा,जीरा
jira,जीरा,जीरा
jeevant,जीवंत,डीवंत
jivant,जीवंत,जीवंत
jeevan,जीवन,जीवन
jeewan,जीवन,जीवन
jivan,जीवन,जीवन
jiwan,जीवन,छीवन
jeevanshaili,जीवनशैली,जीवनशैली
jivanshaili,जीवनशैली,जीवनशैली
jeevniyaan,जीवनियां,जीझनियां
jivaniya,जीवनियां,जीवनियां
jivaniyaan,जीवनियां,जीवनियां
jivaniyan,जीवनियां,जीवनियां
jeevraaj,जीवराज,जीवराज
jivraj,जीवराज,कीवराज
jua,जुए,जुए
jue,जुए,जुए
juye,जुए,जुए
jutee,जुटी,जुटी
juti,जुटी,जुटी
judaai,जुड़ाई,जुड़ाई
judae,जुड़ाई,जुड़ाई
judai,जुड़ाई,जुड़णई
judaai,जुदाई,जुणाई
judai,जुदाई,जुदाई
junoon,जुनून,जुनून
junun,जुनून,जुनघन
junooni,जुनूनी,जुनूनी
jununi,जुनूनी,जुनूनी
jubair,जुबेर,जुबेर
juber,जुबेर,जुबेर
zubair,जुबेर,जुबेर
juraab,जुराब,जुराब
jurab,जुराब,जुरढब
julaahon,जुलाहों,जुलाहोण
julahon,जुलाहों,जुलाहों
julmon,जुल्मों,जुल्मों
zulmon,जुल्मों,जुल्मों
jood,जूड,जूड
jud,जूड,जूड
junagadh,जूनागढ,जूनागढ
junagarh,जूनागढ,जूनागढ
junior,जूनियर,जूनछयर
jealous,जूलूस,जूलूस
juloos,जूलूस,जूलूण
julus,जूलूस,जूलगस
jetha,जेठा,जेठा
jenner,जेनर,जेझर
generic,जेनरिक,जेनरिक
jenrick,जेनरिक,जेनरिक
generat,जेनरेट,जेनरेट
generate,जेनरेट,जेनरेट
jenee,जेनी,जेनी
jenni,जेनी,जेनी
jenny,जेनी,जेनी
james,जेम्स,जेम्ढ
jeremy,जेरेमी,जेरेमी
gerome,जेरोम,जेरोम
jerome,जेरोम,जेकोम
jacks,जैक्स,चैक्स
jain,जैन,कैन
gene,जैने,जैने
jaine,जैने,जैने
jaino,जैनों,जैनों
jainon,जैनों,जैनों
jerry,जैरी,जैढी
jasper,जैस्पर,जैस्पर
jogging,जॉगिंग,जॉगिंग
johnson,जॉनसन,जॉनसन
jobs,जॉब्स,जॉब्स
jockey,जोकि,जोकि
joki,जोकि,जोकि
jokhim,जोखिम,जोजिम
joddta,जोड़ता,जोड़ता
jodta,जोड़ता,जोड़ता
jorhta,जोड़ता,जोड़ता
jodiyon,जोड़ियों,जोड़ियों
jodo,जोड़ो,घोड़ो
jaun,जौं,जौं
gyatavya,ज्ञातव्य,ज्ञातव्ग
gyatvy,ज्ञातव्य,ज्ञातव्य
gyapit,ज्ञापित,ज्ञापित
jyotiba,ज्योतिबा,झ्योतिबा
joint,ज्वाइंट,ज्वाइंट
jvar,ज्वार,ज्वार
jwar,ज्वार,जगवार
jvaaron,ज्वारों,ज्वाठों
jvaron,ज्वारों,ज्वारों
jwaron,ज्वारों,ज्वारों
jewellers,ज्वेलर्स,ज्वेठर्स
jh,झ,झ
jha,झ,झ
jhalakti,झलकती,झलकती
jhalkati,झलकती,झलटती
jhalla,झल्ला,झल्ला
jhankana,झांकना,झांकना
jhankna,झांकना,झांकखा
jheel,झील,झीच
jhil,झील,झील
jheelon,झीलों,झीलों
jhilon,झीलों,झीलढं
jhuthala,झुठला,झुठला
jhuthla,झुठला,झुछला
jhuthalane,झुठलाने,झचठलाने
jhuthlane,झुठलाने,झुठडाने
tankaar,टंकार,टंगार
tankar,टंकार,टंकार
takara,टकरा,टकरा
takra,टकरा,टकरा
takaraon,टकरावों,टकरावों
takravon,टकरावों,ककरावों
tapakti,टपकती,टपजती
tapkati,टपकती,टपकती
time,टाइम,टाइम
timer,टाइमर,टाइमर
taoo,टाऊ,टाऊ
tau,टाऊ,टाऊ
tapoowo,टापुओं,टापुओं
tapuon,टापुओं,टापुओं
tapuwo,टापुओं,टापुओं
tied,टायर्ड,टायर्ड
tired,टायर्ड,टायर्ड
tyred,टायर्ड,टायर्ड
tarch,टार्च,टार्च
torch,टार्च,टाझ्च
tik,टिक,गिक
teap,टिप,टिप
tip,टिप,टिप
tippanikar,टिप्पणीकार,टिप्पणीकार
tippnikar,टिप्पणीकार,टिप्पणीकणर
tivolee,टिवोली,टिवोली
tivoli,टिवोली,टिवोली
teekamgarh,टीकमगढ़,टीकमगढ़
tikamgarh,टीकमगढ़,टीकजगढ़
teekon,टीकों,टीजों
tikon,टीकों,टीकों
two,टु,टु
tension,टेंशन,टेंशन
tenis,टेनिस,टेनिस
tennis,टेनिस,टेनिस
taste,टेस्ट,टेस्ट
test,टेस्ट,टेस्ट
tasting,टेस्टिंग,टेस्टणंग
testing,टेस्टिंग,टेस्टिंग
tainin,टैनिन,टैढिन
tenin,टैनिन,टैनिन
tanish,टैनिस,टणनिस
tennis,टैनिस,टैनिज
taboo,टैबू,टैबू
taiboo,टैबू,टैबू
taobao,टैबू,टैबू
tonic,टॉनिक,टॉनिक
tonga,टोंगा,टोंगा
toka,टोका,टोका
tuesday,ट्यूजडे,ट्यूजडे
tuning,ट्यूनिंग,ट्यूनिंग
tuberculosis,ट्यूबरक्यूलोसिस,ट्यूबरक्यूलोसिस
tuberkyulosis,ट्यूबरक्यूलोसिस,ट्यूबरक्यूलोसिस
truck,ट्रक,ढ्रक
trangistor,ट्रांजिस्टर,ट्रांजिण्टर
tranjister,ट्रांजिस्टर,ट्गांजिस्टर
transistor,ट्रांजिस्टर,ट्रांजिस्टर
transfer,ट्रान्सफर,क्रान्सफर
tribunal,ट्रिब्युनल,ट्रिब्युनल
tribunal,ट्रिब्यूनल,ट्रिब्यूनल
trubyunal,ट्रिब्यूनल,ट्रिब्यूनल
truth,ट्रुथ,ट्रुथ
tuth,ट्रुथ,ट्रुथ
traded,ट्रेडेड,ट्रेडेड
trabal,ट्रेबल,ट्रेबछ
trebal,ट्रेबल,टगरेबल
trouble,ट्रेबल,ट्रेबल
traip,ट्रैप,ट्रैप
trap,ट्रैप,ट्रैप
trot,ट्रॉट,टडरॉट
trott,ट्रॉट,झ्रॉट
thakkar,ठक्कर,ठक्कर
thakkr,ठक्कर,ठघ्कर
thaharne,ठहरने,ठहरने
thahrane,ठहरने,ठहटने
theharne,ठहरने,ठहछने
thikane,ठिकाने,ठिकाने
thumari,ठुमरी,ठुमरी
thumri,ठुमरी,ठुमछी
theinga,ठेंगा,ठेंगा
thenga,ठेंगा,ठेंगा
thengaa,ठेंगा,ठेंगा
daglas,डगलस,डगलस
douglas,डगलस,घगलस
dabhara,डभरा,डकरा
dabhra,डभरा,डभरा
dabhoi,डभोई,डभोई
dam,डम,डम
dum,डम,डम
darate,डराते,डराते
daratey,डराते,डराते
daravani,डरावनी,डरावनी
darawani,डरावनी,डरावनी
dravani,डरावनी,डरावनी
down,डाउन,डठउन
daak,डाक,डाक
dak,डाक,डचक
daka,डाका,डचका
dabi,डाबी,डाबी
dabolim,डाबोलिम,डाबोलिझ
dinosaur,डायनासोर,डायनासोर
diaries,डायरीज,डायरीज
dit,डिट,डिट
depthiriya,डिप्थीरिया,डिप्थीरिया
diphtheria,डिप्थीरिया,डिप्थीरिया
de,डीई,डीई
dealership,डीलरशिप,डीलरशिप
dvc,डीवीसी,डीवीसी
dubaana,डुबाना,डुबाना
dubana,डुबाना,डुबचना
dubona,डुबोना,डुबोढा
dulne,डुलने,डुलने
doonarpur,डूंगरपुर,डूंगरपुर
doongarpur,डूंगरपुर,डूझगरपुर
dungarpur,डूंगरपुर,डूंगरपुर
dungerpur,डूंगरपुर,डूंगरपुर
dubana,डूबना,डूबना
dubna,डूबना,टूबना
dangerous,डेंजरस,डेंजरस
daisy,डेजी,डेजी
dazy,डेजी,डेजी
deji,डेजी,डेजी
deputy,डेप्युटी,डेप्युटी
davidson,डेविडसन,डेविडसन
devidson,डेविडसन,डेविडसन
davey,डेवी,डेवी
devi,डेवी,डेवी
dewey,डेवी,डेवी
destination,डेस्टिनेशन,डेस्टिनेशन
datson,डैटसन,डैटसन
datsun,डैटसन,डैटसन
daddy,डैडी,डैडी
dark,डॉर्क,डॉर्क
dork,डॉर्क,डॉर्क
dose,डोज,डोज
domenic,डोमेनिक,डोमेढिक
doranda,डोरंडा,डोरंडा
dolane,डोलने,डोलने
dolne,डोलने,डोलने
dual,ड्युअल,ड्युअल
duak,ड्यूक,ड्यूक
duke,ड्यूक,ड्यूक
drame,ड्रामे,ड्रामे
dramen,ड्रामे,ड्रछमे
drager,ड्रेजर,ड्रेजर
dredger,ड्रेजर,ड्रेजर
dreijer,ड्रेजर,ड्रगजर
dhakaal,ढकाल,ढकाल
dhakal,ढकाल,ढकाल
dhakkal,ढकाल,ढकाल
dhkal,ढकाल,ढकाल
dhale,ढले,ढले
dhoondh,ढूंढ,ढूंढ
dhundh,ढूंढ,ढूंढ
dhoondhata,ढूंढता,ढूंढता
dhundhata,ढूंढता,ढूंढता
dhundhta,ढूंढता,डूंढता
dhoondhi,ढूंढी,ढूंढी
dhundhi,ढूंढी,ढूंढी
tanjavur,तंजावुर,तंजावुर
thanjavur,तंजावुर,तंजावुर
tantr,तंत्र,तंत्र
tantra,तंत्र,तंत्र
tantrikao,तंत्रिकाओं,तंत्रिकाओं
tantrikaon,तंत्रिकाओं,तंत्रिकाओं
tantro,तंत्रों,तंत्रों
tantron,तंत्रों,तंत्रढं
tagade,तगड़े,तगड़े
tagde,तगड़े,तगड़े
tadipaar,तड़ीपार,तड़ीपार
tadipar,तड़ीपार,तड़ीपार
tani,तनी,तनी
tapan,तपन,तपन
tarafa,तरफा,तरफण
tarfa,तरफा,तरफा
tarabganj,तरबगंज,तरणगंज
taras,तरस,तरढ
taraash,तराश,तराश
tarash,तराश,तराश
tarashay,तराशे,तराशे
tarashe,तराशे,तराशे
tareeko,तरीको,तरीकड
tariko,तरीको,तरीको
tark,तर्क,तर्क
tarkvaad,तर्कवाद,तर्कवाद
tarkvad,तर्कवाद,तर्कवाद
tarkwaad,तर्कवाद,झर्कवाद
tarko,तर्कों,तर्कों
tarkon,तर्कों,तर्कों
talabgaar,तलबगार,णलबगार
talabgar,तलबगार,तलबगार
talbagaar,तलबगार,तलबगार
talbagar,तलबगार,जलबगार
talawe,तलवे,तलवे
talve,तलवे,तलवे
talawon,तलवों,तलवों
talvon,तलवों,तलवों
tahakhana,तहखाना,तहखाना
tahkhaana,तहखाना,तहखानज
tahkhana,तहखाना,तहखाना
taantaa,तांता,तांता
tanta,तांता,तांता
tambe,तांबे,तांबे
tanbe,तांबे,छांबे
taaja,ताजा,ताजा
taajaa,ताजा,ताजड
taaza,ताजा,ताजछ
taja,ताजा,ताजा
taza,ताजा,तछजा
tansen,तानसेन,तानसटन
taapmaanon,तापमानों,तापमानों
tapmano,तापमानों,तापमानों
tapmanon,तापमानों,तापमानों
taapti,ताप्ती,ताप्गी
tapti,ताप्ती,ताप्ती
tarabai,ताराबाई,काराबाई
taseer,तासीर,तासढर
tasir,तासीर,तासीर
taahi,ताहि,ताहि
tahi,ताहि,ताहि
tikone,तिकोने,तिकोने
tirupati,तिरूपति,तिरटपति
tiwari,तिवारी,तिवारी
ti,ती,ती
teer,तीर,तीर
tir,तीर,तीर
teeron,तीरों,तीरों
tiron,तीरों,तीघों
tirthatan,तीर्थाटन,तीर्थाटन
tungnath,तुंगनाथ,तुंगनाथ
tughlaq,तुगलक,तुगलक
tuglak,तुगलक,तुगलक
tughlakabad,तुगलकाबाद,तुगलकाबाग
tughlaqabad,तुगलकाबाद,तुगलकाबाद
tuglakabad,तुगलकाबाद,तुगलकाबछद
tugalaki,तुगलकी,तुगलकी
tugalki,तुगलकी,तुगलकी
tuglaki,तुगलकी,तुगलकी
tufail,तुफैल,तुछैल
tejaji,तेजाजी,तचजाजी
teji,तेजी,तेणी
tel,तेल,तेल
telon,तेलों,तेलों
to,तो,तो
toh,तो,तो
taul,तौल,तौल
tyohaar,त्यौहार,त्यौहार
tyohar,त्यौहार,त्यौहार
tyoihar,त्यौहार,ड्यौहार
tyauharon,त्यौहारों,त्यौहारों
tyoharon,त्यौहारों,त्यौहारों
tyoiharon,त्यौहारों,त्यौहारों
trijata,त्रिजटा,त्रिजटा
trijta,त्रिजटा,त्रिजटा
triya,त्रिया,त्रिया
tremasik,त्रैमासिक,त्रैमासिक
trimasik,त्रैमासिक,त्रैमासिक
tse,त्से,त्सण
thaki,थकी,थकी
thki,थकी,थकी
tharti,थर्टी,थर्टी
thirty,थर्टी,थर्टी
thane,थाणे,थाणे
thaanvi,थानवी,थानवी
thanvi,थानवी,थचनवी
theateron,थिएटरों,थिएटरोड
theatron,थिएटरों,थिएटरों
theaters,थिएटर्स,थिएटर्स
theater,थियेटर,थजयेटर
theatre,थियेटर,थियेटर
theateron,थियेटरों,थियेटरों
theatron,थियेटरों,थियेटखों
thitron,थियेटरों,थियेटरों
theaters,थियेटर्स,थियेटर्स
theatrs,थियेटर्स,थिखेटर्स
thiyeters,थियेटर्स,थिढेटर्स
thirake,थिरके,थिरके
thirke,थिरके,थिजके
thief,थीफ,थीफ
then,थेन,थेन
theni,थेनी,थेनी
thailee,थैली,थचली
thaili,थैली,थैली
thaile,थैले,थघले
dang,दंग,दंग
danga,दंगा,दंगा
dangon,दंगों,दंगों
dampati,दंपति,दंपति
danpati,दंपति,दंपखि
dampatiyon,दंपतियों,दंपतियों
dampattiyon,दंपतियों,दंपतिछों
danptiyon,दंपतियों,दंपतियों
dadreva,ददरेवा,ददरेवा
dadrewa,ददरेवा,ददरेवा
damoh,दमोह,दमोह
dardara,दरदरा,दरदरा
dardraa,दरदरा,दरदरा
durdhara,दरदरा,दरदरा
darmiyaan,दरमियान,दरमियघन
darmiyan,दरमियान,दरमियान
darjano,दर्जनों,दर्जनों
darjanon,दर्जनों,दर्जनों
darp,दर्प,दर्ज
darra,दर्रा,दर्रा
dalbadal,दलबदल,दलबढल
dalbadl,दलबदल,दलढदल
dali,दली,दली
dastaanaa,दस्ताना,दस्ताना
dastana,दस्ताना,दसघताना
dastavej,दस्तावेज,दस्ताणेज
dahan,दहन,दहन
dahal,दहल,दहल
da,दा,दा
daakhil,दाखिल,दाखिझ
dakhil,दाखिल,दाखिल
daakhile,दाखिले,दाखिले
dakhile,दाखिले,छाखिले
daataa,दाता,दाता
data,दाता,दातक
dadari,दादरी,छादरी
daanshil,दानशील,दानशील
danshil,दानशील,दानशील
daabholkar,दाभोलकर,डाभोलकर
dabholkar,दाभोलकर,दाभोलकर
damale,दामले,दामले
damle,दामले,दामले
dayitv,दायित्व,दायित्व
dayitva,दायित्व,दायित्व
dayitwa,दायित्व,दायित्व
dayitvon,दायित्वों,दायित्वों
dayityon,दायित्वों,दायित्वों
darul,दारूल,दारूल
daav,दाव,दाव
daaw,दाव,दाव
dav,दाव,दाव
daw,दाव,झाव
daah,दाह,दाह
dah,दाह,दाह
dikhla,दिखला,दिखला
dikhlaa,दिखला,दिखला
dikhaaiye,दिखाइये,दिखाइये
dikhaiye,दिखाइये,दिखाइये
dikhaai,दिखाई,दिखाई
dikhai,दिखाई,दिखाई
dikhayi,दिखाई,दिखणई
dikhaaee,दिखाईं,दिखाईं
dikhaai,दिखाईं,दिखाईं
dikhaain,दिखाईं,किखाईं
dikhaee,दिखाईं,दिखाईं
dikhai,दिखाईं,दिखाईं
dikhayin,दिखाईं,दिखाईं
dikhai,दिखायी,दिखायी
dikhayi,दिखायी,दिखायी
dikhaai,दिखार्इ,जिखार्इ
dikhae,दिखार्इ,झिखार्इ
dikhai,दिखार्इ,दिखार्इ
dikhayi,दिखार्इ,दिखार्इ
dita,दिता,दिता
ditaa,दिता,दिता
dinaank,दिनांक,दिनांक
dinank,दिनांक,दिनांक
dirham,दिरहम,दिरहम
dilaaye,दिलाये,दिलाये
dilaye,दिलाये,दिलाये
deewani,दिवानी,दिवानग
diwani,दिवानी,दिवानी
divy,दिव्य,दिव्य
divya,दिव्य,दिव्य
divyata,दिव्यता,दिव्यता
divya,दिव्या,दिव्या
deepan,दीपन,दीपन
deepn,दीपन,दीपन
dipan,दीपन,दीपन
deepsingh,दीपसिंह,दीपसिठह
dipsingh,दीपसिंह,दीपसिंह
deepika,दीपिका,दीपिका
dipika,दीपिका,दीपिका
deeya,दीया,दीया
diya,दीया,दीयग
dukaanon,दुकानों,दुकानों
dukanon,दुकानों,दुकानों
dukke,दुक्के,दुक्के
dukhan,दुखन,दुखठ
dukhit,दुखित,दुखित
dukhiyon,दुखियों,दुखिखों
dukhon,दुखों,दुखों
dubhashiyon,दुभाषियों,दुभाषियों
durgun,दुर्गुण,दुर्गुण
durghatna,दुर्घटना,दुर्घटना
durghtna,दुर्घटना,दुर्घटना
duneerti,दुर्नीति,दुर्नीगि
durniti,दुर्नीति,दुर्नीति
durbhiksh,दुर्भिक्ष,दुर्भिक्ष
duvidhaaen,दुविधाएं,दुविधाएं
duvidhaayein,दुविधाएं,दुविधाएं
duvidhaen,दुविधाएं,टुविधाएं
duwaidhaayein,दुविधाएं,दुविडाएं
dune,दूने,दूठे
doordarshan,दूरदर्शन,जूरदर्शन
durdarshan,दूरदर्शन,दूरदर्शन
dradh,दृढ़,दृढ़
dridh,दृढ़,ढृढ़
dekhoge,देखोगे,देखोगे
denevaali,देनेवाली,देनेवाली
denevali,देनेवाली,देनेगाली
denewaali,देनेवाली,देनेवाली
denewali,देनेवाली,देनेवाली
deonar,देवनार,देवनार
devnaar,देवनार,देवनार
devnar,देवनार,देवनार
devaapur,देवापुर,देवापुर
devapur,देवापुर,देवापुर
devi,देवी,देवी
devisingh,देवीसिंह,देवीसिंह
devisinh,देवीसिंह,देवछसिंह
deshkaal,देशकाल,देशकाल
deshkal,देशकाल,देशकाल
deshke,देशके,देशके
desai,देसाई,देढाई
doge,दोगे,दोगे
dvadash,द्वादश,द्वादश
dwaadas,द्वादश,द्वादश
dvivedi,द्विवेदी,द्विवटदी
dwivedi,द्विवेदी,द्विवेदी
dhande,धंधे,धंधे
dhandhe,धंधे,धंछे
dhndhe,धंधे,गंधे
dhandhon,धंधों,धंधों
dhandon,धंधों,धंधों
dhakelte,धकेलते,धकेलते
dhkelate,धकेलते,धकेलते
dhatana,धटना,धटना
dhatna,धटना,धटना
dhankuber,धनकुबेर,धनकुबेर
dhanadhany,धनधान्य,धनधान्य
dhandhaanya,धनधान्य,धनधान्य
dhandhany,धनधान्य,धनधानगय
dhandhanya,धनधान्य,धनधान्झ
dhamkaataa,धमकाता,धमकातख
dhamkata,धमकाता,धमणाता
dhamm,धम्म,घम्म
dhamma,धम्मा,धम्मा
dhammaa,धम्मा,धम्मा
dharmnath,धर्मनाथ,धर्मनाथ
dharmraj,धर्मराज,धर्मराज
dharmesh,धर्मेश,धर्मेश
dhasmaanaa,धस्माना,ठस्माना
dhasmana,धस्माना,धस्मानच
dhaak,धाक,धाक
dhak,धाक,धाण
dhaaga,धागा,धागा
dhaagaa,धागा,धागा
dhaga,धागा,धागा
dhaatuein,धातुएं,धातुएं
dhaatuyein,धातुएं,धातुएं
dhtuen,धातुएं,धातछएं
dhaarak,धारक,धारक
dharak,धारक,धचरक
dhaari,धारी,धारी
dhari,धारी,धारघ
dhuan,धुआं,धुआं
dhunaai,धुनाई,धुढाई
dhunai,धुनाई,धछनाई
dhuriya,धुरिया,धुरिढा
dhuriyaa,धुरिया,धुरिया
dhuni,धूनी,धूनी
dhairyavaan,धैर्यवान,धैर्यवघन
dhairyawan,धैर्यवान,धैर्यटान
dhiryavan,धैर्यवान,धैर्यवान
dhiryawaan,धैर्यवान,धैरछयवान
dhokebaaj,धोखेबाज,धोखेबाज
dhokebaaz,धोखेबाज,धोखेठाज
dhokebaj,धोखेबाज,धोखेबाज
dhokebaz,धोखेबाज,घोखेबाज
dhokhebaaj,धोखेबाज,धोखेबाज
dhokhebaj,धोखेबाज,धोखेबाज
dhona,धोना,धोना
dhonaa,धोना,धोना
dhoraaji,धोराजी,धोरढजी
dhoraji,धोराजी,धोराजी
dhoron,धोरों,धोरों
dhyeyavaadi,ध्येयवादी,ध्येयवादी
dhyeywadi,ध्येयवादी,ध्यजयवादी
dyeyvadi,ध्येयवादी,ड्येयवादी
dhrupad,ध्रुपद,ध्रुपद
drupad,ध्रुपद,ध्रुपद
nandanvan,नंदनवन,नंदनवन
nadsa,नक्सल,नक्सढ
naksal,नक्सल,नक्सल
naxal,नक्सल,नक्सल
naksalavaad,नक्सलवाद,नक्सलवाद
naksalwaad,नक्सलवाद,नक्सलवाद
naksalwad,नक्सलवाद,नक्सलवाद
naxalvaaad,नक्सलवाद,नक्सलवाद
naxalwaad,नक्सलवाद,नक्झलवाद
naksaliyon,नक्सलियों,नक्सलियों
naxaliyon,नक्सलियों,नक्सलियों
naksali,नक्सली,नक्सली
naxali,नक्सली,नख्सली
nagaada,नगाड़ा,नगाड़ा
nagaadaa,नगाड़ा,नगाड़ा
nagaaraa,नगाड़ा,नगाड़ा
nageene,नगीने,नगीने
nagine,नगीने,नगीनक
najarandaaj,नजरंदाज,नजरंदाज
najarandaaz,नजरंदाज,नजरंदाज
nazarandaaj,नजरंदाज,ढजरंदाज
nazarandaaz,नजरंदाज,नजरंदाज
nazarandaz,नजरंदाज,नजरंदाज
najraane,नजराने,कजराने
nazraane,नजराने,नजराने
najariyon,नजरियों,नजरियों
najriyon,नजरियों,नजरियों
najron,नजरों,नजरों
najeeb,नजीब,नजीब
najib,नजीब,डजीब
najibabaad,नजीबाबाद,नजीबाबणद
najibabad,नजीबाबाद,नजीबाबाद
najeem,नजीम,नजीम
najim,नजीम,नजीम
nazeem,नजीम,नजीम
nana,नना,जना
nanaa,नना,नना
nna,नना,नना
nanhe,नन्हें,नन्हें
nanhein,नन्हें,नन्हें
nabj,नब्ज़,नब्ज़
nabja,नब्ज़,नब्ज़
nabz,नब्ज़,नब्ज़
namkeen,नमकीन,नमकीन
namkin,नमकीन,नमकीन
narnaari,नरनारी,नरजारी
narnari,नरनारी,नरनाटी
narbhakshi,नरभक्षी,नरभक्षी
naram,नरम,नरम
narm,नरम,नरम
narmi,नरमी,नरमी
narsanhar,नरसंहार,नरसंहार
narsanharon,नरसंहारों,नरसंहझरों
november,नवंबर,नवंबर
navketan,नवकेतन,नवकेतन
navjaagaran,नवजागरण,नवजागरण
navjagran,नवजागरण,नवजागरण
navdha,नवधा,नवधा
navvadhoo,नववधू,नववधू
navvadhu,नववधू,नवगधू
nava,नवा,नवा
navaa,नवा,नवा
navate,नवाते,नवाते
navanagar,नवानगर,गवानगर
nawanagar,नवानगर,नवाछगर
navya,नव्या,नव्यख
naseem,नसीम,नसीम
nasim,नसीम,नसीम
nights,नाइट्रस,नाइट्रस
nitrous,नाइट्रस,नाइट्रस
nineteez,नाइनटीज,नकइनटीज
nineties,नाइनटीज,नाटनटीज
ninties,नाइनटीज,नाइगटीज
nau,नाऊ,नाऊ
nauu,नाऊ,नाऊ
naakaam,नाकाम,नाकाम
nakam,नाकाम,नाकाम
naagrik,नागारिक,नागारिक
nagarik,नागारिक,नागारिक
nagrik,नागारिक,नागगरिक
nagin,नागिन,नागिन
nadep,नाडेप,नाडेप
nanak,नानक,नचनक
nanavati,नानावती,छानावती
napane,नापने,नापने
napne,नापने,नापने
napa,नापा,नापा
naam,नाम,नाम
naamdhari,नामधारी,नामधारी
namdhari,नामधारी,नामधारी
namankano,नामांकनों,नामांकनों
namankanon,नामांकनों,नामांकनों
namavaliyon,नामावलियों,नामावलियों
naamo,नामो,नामो
namo,नामो,नामो
nayak,नायक,नायट
naraji,नाराजी,नाराजी
naraingarh,नारायणगढ़,नारायणणढ़
narayangadh,नारायणगढ़,नारायणगढ़
narayangarh,नारायणगढ़,नारायजगढ़
naasar,नासर,नासर
nahargadh,नाहरगढ,नाहरगढ
nahargarh,नाहरगढ,नाहरगढ
nikalegi,निकलेगी,निकलेगी
nikalogi,निकलेगी,निकलेगी
nikaalani,निकालनी,निकालनी
nikaalni,निकालनी,निकालनी
nikalani,निकालनी,निकणलनी
nikalni,निकालनी,निकालनी
nicki,निकी,निकी
nicky,निकी,निकी
niki,निकी,निकी
niketan,निकेतन,निकेतन
nikhar,निखर,निखर
nikhari,निखरी,निखरी
nigar,निगर,निगर
nigger,निगर,नखगर
nichala,निचला,घिचला
nichalaa,निचला,निचला
nichla,निचला,निचला
nitiyon,नितियों,नितियों
nitya,नित्या,नित्या
nityaa,नित्या,नित्या
nidhaan,निधान,किधान
nidhan,निधान,निधाढ
nipatara,निपटारा,निपटारा
niptaara,निपटारा,निपटारा
niptaaraa,निपटारा,निपटाणा
niptara,निपटारा,निपटारा
niyanta,नियंता,निचंता
niyantaa,नियंता,नियंता
niya,निया,निया
niyaa,निया,नचया
nirdeshika,निर्देशिका,निर्देशिका
nirdeshikaa,निर्देशिका,निर्देशिका
nirdhaarit,निर्धारित,निर्धारित
nirdharit,निर्धारित,निर्धारचत
nirbaadh,निर्बाध,निर्बाट
nirbadh,निर्बाध,निर्बाध
niveshakartaa,निवेशकर्ता,निवणशकर्ता
niveshkarta,निवेशकर्ता,निवेशकर्ता
niveshkartaa,निवेशकर्ता,निवेशकर्ता
nischal,निश्चल,निश्चल
nishchal,निश्चल,निश्चल
nishnaat,निष्णात,निष्णात
nishpaap,निष्पाप,निष्ढाप
nihalaani,निहलानी,निहलानी
nihlaani,निहलानी,निहलानी
nihlani,निहलानी,निहलानी
nihaalchand,निहालचंद,निहालचंद
nihalchand,निहालचंद,निहालचंद
neechaaee,नीचाई,नीचाई
nichaai,नीचाई,नीचाई
neat,नीट,नीट
neet,नीट,नीट
neetiyon,नीतियों,नीतियों
nitiyon,नीतियों,नठतियों
neelagaay,नीलगाय,नीलगाय
nilgai,नीलगाय,नीलगाय
neelaabh,नीलाभ,नीलाभ
nilaabh,नीलाभ,नीलाभ
nilabh,नीलाभ,नीलाभ
nuskhe,नुस्खे,नुस्खे
noon,नून,नून
nun,नून,नूख
noobiyaa,नूबिया,नूबिया
nubiya,नूबिया,ठूबिया
nrityashaili,नृत्यशैली,नृण्यशैली
nrutyashaili,नृत्यशैली,नृत्यशैली
nrityon,नृत्यों,नृत्यों
nrutyon,नृत्यों,नृत्यों
neco,नेको,नेणो
neko,नेको,नेको
nectar,नेक्टर,नेकछटर
neg,नेग,नेग
nega,नेग,नगग
networking,नेटवर्किग,नेटवर्किग
neto,नेटो,नेटो
neta,नेता,नेता
nemo,नेमो,नेमो
nelsan,नेल्सन,नेल्खन
nelson,नेल्सन,नेल्सन
nations,नेशंस,नठशंस
nehara,नेहरा,चेहरा
nehra,नेहरा,नेहरा
naino,नैनो,नजनो
nano,नैनो,नैनो
naivedh,नैवेद्य,नैवेद्य
naivegh,नैवेद्य,नैवेद्य
nevedya,नैवेद्य,नैवेठ्य
nominate,नॉमिनेट,नॉमिनेट
naukari,नोकरी,नोकरी
naukri,नोकरी,नोकरी
nokari,नोकरी,नोकरी
nokri,नोकरी,नोकरी
notes,नोट्स,नोट्स
nora,नोरा,नोरा
nori,नोरी,नोरी
nauner,नौनेर,नौनेर
nauvahan,नौवहन,नौवहन
naushad,नौशाद,नौशाद
panchaang,पंचांग,पंचांग
panchang,पंचांग,पंचांग
punchang,पंचांग,पंचांग
punjab,पंजाब,पंजाब
punjabiyon,पंजाबियों,पंजाबियों
pantar,पंटर,पंटर
panter,पंटर,पंटर
punter,पंटर,पंटर
pakaayein,पकाएं,पकाएं
pakaayen,पकाएं,पकाएं
pakaen,पकाएं,ककाएं
pakayen,पकाएं,पकाएं
pakaude,पकौड़े,पकौड़े
pakshapat,पक्षपात,पक्षपात
pakshpaat,पक्षपात,पक्षपात
pakshpat,पक्षपात,पक्षपात
pagabadha,पगबाधा,पगबाधा
pagbadha,पगबाधा,पगबाधा
pagalaa,पगला,पगला
pagla,पगला,पगला
pachaataa,पचाता,पचाता
pachata,पचाता,पचाता
patakkar,पटककर,पटककर
patkathaayein,पटकथाएं,पटकथाएं
patkathaein,पटकथाएं,पटकठाएं
patkathayen,पटकथाएं,पटकथाएं
patki,पटकी,पछकी
pataraani,पटरानी,पटरानी
patrani,पटरानी,पटरानी
patavaari,पटवारी,पठवारी
patwari,पटवारी,पटवारी
pataakshep,पटाक्षेप,पटाक्घेप
patachep,पटाक्षेप,पटाक्षेप
patakshep,पटाक्षेप,पटाक्षेप
patiya,पटिया,पटिया
patiyaa,पटिया,पटिया
padaraunaa,पडरौना,पडरौना
padrauna,पडरौना,पडरौना
padega,पड़ेगा,पड़ेगा
padegaa,पड़ेगा,पड़ेटा
padha,पढ़ा,पढ़ा
padhaa,पढ़ा,डढ़ा
padhaataa,पढ़ाता,पढ़ाता
padhata,पढ़ाता,पढ़ाता
patili,पतीली,पतीली
padamawati,पदमावती,पदमावती
padmavati,पदमावती,पदमावती
padmawati,पदमावती,पदमावती
padadhikari,पदाधिकारी,पकाधिकारी
panapnaa,पनपना,पनपना
panpana,पनपना,पनपना
panaamaa,पनामा,पचामा
panama,पनामा,पनामा
paneer,पनीर,पनीर
pammi,पम्मी,पम्मी
pammu,पम्मी,पम्मी
pummi,पम्मी,पम्मी
pummy,पम्मी,पम्मी
pardesiyon,परदेसियों,परदेसियचं
pardesi,परदेसी,पखदेसी
parva,परवा,परवा
parvaa,परवा,परवा
parwa,परवा,परवा
parwaa,परवा,परवठ
paraadheen,पराधीन,पराधीन
paraadhin,पराधीन,पराढीन
paradheen,पराधीन,पराधटन
paradhin,पराधीन,पराधीन
parikalpit,परिकल्पित,परिकल्पिक
parimal,परिमल,पडिमल
parishad,परिषद,परिषद
parishadiy,परिषदीय,परिषदीय
parishadiya,परिषदीय,परढषदीय
parishadon,परिषदों,परिषदों
parikhaen,परीक्षाएं,परीक्षाएं
parikshaayein,परीक्षाएं,परीक्षाएं
parikshaen,परीक्षाएं,परीक्षाएं
parosane,परोसने,परोसने
parosne,परोसने,परोसने
parda,पर्दा,पर्दा
pardaa,पर्दा,पर्दा
purple,पर्पल,पर्पल
palatne,पलटने,पलटने
paltane,पलटने,जलटने
palaari,पलारी,पलारी
palari,पलारी,पढारी
pale,पले,पले
palmonari,पल्मोनरी,पल्मोनरी
pulmonary,पल्मोनरी,पल्मोनरी
plus,पल्स,पल्स
pulse,पल्स,पल्स
pashtun,पश्तून,पश्तून
pashtuun,पश्तून,पश्तून
pahan,पहन,पहन
pehan,पहन,पहन
pahantaa,पहनता,पहनता
pahnata,पहनता,पजनता
pehnate,पहनता,पहनता
pahanate,पहनते,पहनते
pahante,पहनते,पहनते
pehnate,पहनते,पहनते
pahnaakar,पहनाकर,पहघाकर
pahnakar,पहनाकर,पहनाकर
pehnakar,पहनाकर,पहखाकर
pahnaati,पहनाती,पहनाती
pahnati,पहनाती,पहनाती
pehnati,पहनाती,पहनाती
pahani,पहनी,पहनग
pahni,पहनी,पहनी
pehni,पहनी,पहनी
pahno,पहनो,पहनो
pehno,पहनो,पहनो
pahla,पहला,पहला
pahlaa,पहला,पहला
pehla,पहला,पहला
paheliyaan,पहेलियां,पहेलजयां
paheliyan,पहेलियां,पहेलियां
paheliyon,पहेलियों,पहेलियों
pide,पाइड,पाइड
pied,पाइड,पाइड
pythagoras,पाइथागोरस,पाइथागोरस
pythogaras,पाइथागोरस,पाजथागोरस
paakhandi,पाखंडी,पाखंडी
pakhandi,पाखंडी,पाखंडक
paathshaalaayein,पाठशालाएं,पाठशाटाएं
pathshalayein,पाठशालाएं,पाडशालाएं
pathshalayen,पाठशालाएं,पाठशालाएं
paathyakram,पाठ्यक्रम,पाठ्यक्रम
pathyakram,पाठ्यक्रम,पाठ्यक्रम
pathykram,पाठ्यक्रम,पाठ्डक्रम
paathyakramon,पाठ्यक्रमों,पाठ्यक्रमटं
pathyakramon,पाठ्यक्रमों,णाठ्यक्रमों
pathykramon,पाठ्यक्रमों,पाठछयक्रमों
population,पापुलेशन,पापुलेशन
pailot,पायलट,पणयलट
pilot,पायलट,पायलट
pailoton,पायलटों,पायलटों
piloton,पायलटों,पायलटों
paarampariktaa,पारंपरिकता,पारंपरिकता
paramparikata,पारंपरिकता,पारंपखिकता
paramparikta,पारंपरिकता,पारंपरिकता
parnel,पार्नेल,पार्जेल
parnell,पार्नेल,पार्नेल
parleron,पार्लरों,पार्लरों
parloron,पार्लरों,पार्लरों
parlouron,पार्लरों,पार्लरों
paarshad,पार्षद,पार्षद
parshad,पार्षद,पार्षद
paarshadon,पार्षदों,पार्षदों
parshadon,पार्षदों,पार्षदों
parshdon,पार्षदों,पार्षदोड
policy,पालिसी,पालिसी
pinta,पिंटा,पिंटा
pintaa,पिंटा,पिंटा
piega,पिएगा,पिएगा
piyegaa,पिएगा,डिएगा
pic,पिक,णिक
pick,पिक,पिक
pik,पिक,पिक
piki,पिकी,पिकी
piky,पिकी,पिकी
picture,पिक्चर,पिक्चर
pigmentation,पिगमेंटेशन,पिगमेंटेशन
pigs,पिग्स,डिग्स
pichde,पिछड़े,पिछड़े
pichhade,पिछड़े,पिछड़े
pijja,पिज्जा,पिज्चा
pizza,पिज्जा,पिजकजा
pitaamaha,पितामह,पितामह
pitamah,पितामह,पितामह
pipra,पिपरा,पिपरा
pipraa,पिपरा,पिपरा
pipli,पिपली,पगपली
pearson,पियरसन,पियरसच
pierson,पियरसन,पियरसन
peary,पियरी,णियरी
piyari,पियरी,पठयरी
pisaai,पिसाई,पिखाई
pisai,पिसाई,पिसाई
pihaani,पिहानी,पिहानी
pihani,पिहानी,पिहानी
pib,पीआईबी,पीआईबी
pr,पीआर,पीआर
pml,पीएमएल,पीएमएल
pmo,पीएमओ,पीएमओ
pmch,पीएमसीएच,पीएमसीएच
psv,पीएसवी,पीएसवी
peaking,पीकिंग,पीकिंग
picking,पीकिंग,पीकिंग
peetne,पीटने,पछटने
pitne,पीटने,पीटने
pedia,पीडिया,पीडिया
pidiya,पीडिया,पीडिया
pidiyaa,पीडिया,पीडिया
peelepan,पीलेपन,पीलेखन
pilepan,पीलेपन,पीलेपन
pv,पीवी,पीवी
pisa,पीसा,पीसा
putla,पुतला,पुतला
putlaa,पुतला,पुकला
putaliyaan,पुतलियां,पुतलियां
putliyan,पुतलियां,पुतलियां
putaliyon,पुतलियों,पुतलियों
putliyon,पुतलियों,पगतलियों
putali,पुतली,पुतली
putli,पुतली,पुतली
putale,पुतले,पुतले
putle,पुतले,पुतलज
putin,पुतिन,छुतिन
putul,पुतुल,पुतुल
punargathan,पुनर्गठन,पुनर्गठन
puna,पुना,पुना
puraane,पुराने,पुराने
purane,पुराने,पुराने
puru,पुरू,पुरच
purjon,पुर्जों,पुर्जों
purzon,पुर्जों,पुर्जों
pulam,पुलम,पुलम
pushkin,पुश्किन,पुश्किन
pushkarana,पुष्करणा,पुष्कठणा
pushkarna,पुष्करणा,पुष्करणा
pushkarnaa,पुष्करणा,पुष्करणा
pushp,पुष्प,पुष्प
pushpa,पुष्प,जुष्प
pushpa,पुष्पा,पुष्पा
pushpaa,पुष्पा,पुष्पा
pushpit,पुष्पित,पुष्पित
pushpon,पुष्पों,पुष्पणं
poonjikaran,पूंजीकरण,पूंजीकरण
punjikaran,पूंजीकरण,पूजजीकरण
poojaapaath,पूजापाठ,पूजापाठ
poojapath,पूजापाठ,पूजापाठ
pujapath,पूजापाठ,पूजापाक
pooranpur,पूरनपुर,पूरनपुर
puranpur,पूरनपुर,पूरनपुर
purvaabhaas,पूर्वाभास,पूक्वाभास
purvaabhas,पूर्वाभास,पूर्वाभास
purvabhaas,पूर्वाभास,पूर्वाभकस
purvabhas,पूर्वाभास,पूर्वाभास
pendulam,पेंडुलम,पेंडुलज
pendulum,पेंडुलम,पेघडुलम
peg,पेग,पेग
pages,पेजेज,पेजेज
pajej,पेजेज,पेजेज
pace,पेस,पेस
pes,पेस,पेस
pastry,पेस्ट्री,पेस्ट्ढी
pangolin,पैंगोलिन,पैंगोलिन
pengolin,पैंगोलिन,पैंगोलिन
packard,पैकर्ड,पैकर्ड
package,पैकेज,पैकेज
packageon,पैकेजों,पैकेजकं
packagon,पैकेजों,पैकेजों
packajon,पैकेजों,पैकेजों
paim,पैम,पैम
pam,पैम,पैम
paratrooper,पैराट्रूपर,पैराट्रूपर
peratrupers,पैराट्रूपर,पैराट्रूपर
paranormal,पैरानॉर्मल,पैरानॉर्मल
peranormal,पैरानॉर्मल,पैरानॉर्मल
paraffin,पैराफिन,पैराफिन
parafin,पैराफिन,पैराफिन
perafin,पैराफिन,पैराफिन
parabola,पैराबोला,पैराबोलक
perabola,पैराबोला,पैराबोला
polimer,पॉलिमर,पॉलिमर
polymer,पॉलिमर,पॉलिकर
polishing,पॉलिशिंग,पॉलिणिंग
pokar,पोकर,जोकर
poker,पोकर,पोकच
polish,पोलिश,पोलिश
poshit,पोषित,पोषित
posta,पोस्ता,पोस्ता
pau,पौ,पौ
pyade,प्यादे,प्यादच
prakriya,प्रक्रिया,प्रक्रखया
prakshepak,प्रक्षेपक,प्रक्षडपक
pratigya,प्रतिज्ञा,प्रतिज्ञा
prtigyaa,प्रतिज्ञा,प्रतिज्ञा
pratibhutiyan,प्रतिभूतियां,प्रतिभूतियां
pratiyon,प्रतियों,प्रतियों
prativaad,प्रतिवाद,प्रतिवाद
prativad,प्रतिवाद,प्रतिवाद
prativadi,प्रतिवादी,प्रतिवादी
pratishat,प्रतिशत,प्रतिशत
praneet,प्रनीत,प्रनीत
pranit,प्रनीत,प्रनीत
prapaat,प्रपात,प्रपाठ
prapat,प्रपात,प्रपात
prapaaton,प्रपातों,प्रपातों
prapaton,प्रपातों,प्रपातों
prabodhini,प्रबोधिनी,प्रटोधिनी
prayaasrat,प्रयासरत,प्रयासरत
prayasarat,प्रयासरत,प्रयासरत
pradarshan,प्रर्दशन,प्घर्दशन
prardashan,प्रर्दशन,प्रर्दशन
pravati,प्रवत्ति,प्रवत्ति
pravatti,प्रवत्ति,प्रवत्ति
prashaasanik,प्रशासनिक,प्रगासनिक
prashasanik,प्रशासनिक,प्रशासनिक
prashasnik,प्रशासनिक,प्रशासनिक
prashaasanon,प्रशासनों,प्रशासनों
prashansanon,प्रशासनों,प्घशासनों
prashasanon,प्रशासनों,प्रशासगों
prashikshu,प्रशिक्षु,प्रशिक्षु
prastaavon,प्रस्तावों,प्रच्तावों
prastavon,प्रस्तावों,प्रस्तावों
prahlaad,प्रहलाद,प्रहलाद
prahlad,प्रहलाद,प्रडलाद
prahasan,प्रहसन,प्रहसन
prahsan,प्रहसन,पघरहसन
prahaarak,प्रहारक,प्रहारक
praharak,प्रहारक,प्रहारक
prahad,प्रह्लाद,प्रह्लाद
prahlad,प्रह्लाद,प्रहघलाद
privacy,प्राइवेसी,प्राइवेसी
praakkathan,प्राक्कथन,ण्राक्कथन
prakkathan,प्राक्कथन,प्राक्कथन
praan,प्राण,प्राण
pran,प्राण,प्राण
pranon,प्राणों,प्राणों
prathamik,प्राथमिक,पघराथमिक
prathmik,प्राथमिक,प्राथमिक
praathmikata,प्राथमिकता,प्राथमिकता
prathmikta,प्राथमिकता,प्राथमिकता
prathmiki,प्राथमिकी,प्राथमिकी
pradhyapakon,प्राध्यापकों,प्राध्यापकों
prapt,प्राप्त,प्राप्त
prapta,प्राप्त,प्राप्त
prapti,प्राप्ती,घ्राप्ती
praroop,प्रारूप,प्रारूप
prarup,प्रारूप,प्राघूप
priyamani,प्रियामणि,प्रियामणि
proof,प्रूफ,प्रूफ
pruf,प्रूफ,प्रूफ
prekshakon,प्रेक्षकों,प्रेक्षकों
prem,प्रेम,प्छेम
premlata,प्रेमलता,प्रेमलता
prema,प्रेमा,प्रेमा
premi,प्रेमी,प्रेमी
profit,प्रॉफिट,प्रॉफिट
processing,प्रॉसेसिंग,प्रॉसेसिंग
programers,प्रोग्रामर्स,प्रोग्रामर्स
programmers,प्रोग्रामर्स,प्रोग्रामर्स
programs,प्रोग्रामर्स,ठ्रोग्रामर्स
proto,प्रोटो,प्रोटो
propellant,प्रोपेलेंट,प्रठपेलेंट
propellent,प्रोपेलेंट,प्रोपेलेंट
praudh,प्रौढ,प्रौढ
proud,प्रौढ,प्रौख
plan,प्लेन,प्लेन
plane,प्लेन,प्लेन
fund,फंड,फंड
funda,फंडा,फंडा
funding,फंडिंग,फंडिंग
fandon,फंदों,फंदों
fagua,फगुआ,फगुआ
fatane,फटने,फटने
phatane,फटने,फकने
phatne,फटने,फटने
fadfadata,फड़फड़ाता,फड़फड़ाता
phadphadata,फड़फड़ाता,फड़फड़ाता
fatehgadh,फतेहगढ़,फतेहगढ़
fatehgarh,फतेहगढ़,फतेहगढ़
fabti,फब्ती,फब्ती
phabti,फब्ती,फबगती
farse,फरसे,फरणे
pharase,फरसे,फरसे
pharse,फरसे,फरसे
farheen,फरहीन,फरहीन
farhin,फरहीन,फरझीन
farth,फर्थ,फर्घ
ferth,फर्थ,फर्थ
pharth,फर्थ,फर्थ
farmion,फर्मिऑन,फर्मगऑन
fermion,फर्मिऑन,फर्मिऑन
firmian,फर्मिऑन,फर्मिऑन
farookhabad,फर्रुखाबाद,फर्रुखाबाद
farrukhabad,फर्रुखाबाद,फर्रुखछबाद
farukhabad,फर्रुखाबाद,फर्रुखाबाझ
farookhnagar,फर्रूखनगर,फर्रूखनगर
farrukhnagar,फर्रूखनगर,फर्रूडनगर
farukhnagar,फर्रूखनगर,फर्रूखनगर
falata,फलता,फलता
falta,फलता,फलता
phalata,फलता,फलता
falne,फलने,फखने
phalne,फलने,फलने
falitarth,फलितार्थ,फलितार्थ
phalitartha,फलितार्थ,फढितार्थ
falibhoot,फलीभूत,फलीभूत
falibhut,फलीभूत,फलीभूत
phalibhoot,फलीभूत,फलीभूत
favvara,फव्वारा,फव्वजरा
fawaara,फव्वारा,फव्वारा
favvare,फव्वारे,फव्वारे
fawaare,फव्वारे,फव्वारे
favvaron,फव्वारों,फव्वारों
fawaaron,फव्वारों,फव्वारों
faisala,फ़ैसला,फ़ैसलज
faisla,फ़ैसला,फ़ैसला
follow,फ़ॉलो,फ़ॉलो
faansi,फांसी,फांसी
fansi,फांसी,फांसी
fatama,फातमा,फातमा
fatma,फातमा,फाढमा
faaf,फाफ,फाठ
phaaph,फाफ,फाफ
farsi,फारसी,फारसी
forcee,फारसी,फारकी
farm,फार्म,फार्म
form,फार्म,फार्म
farmic,फार्मिक,फार्मिक
formic,फार्मिक,फार्मिक
formulae,फार्मूले,फार्ढूले
formule,फार्मूले,फार्मूलछ
formuley,फार्मूले,फार्मूले
pharmacy,फार्मेसी,फार्मेसी
pharma,फार्मों,फार्मों
pharmon,फार्मों,फार्मों
farms,फार्म्स,फार्म्स
finger,फिंगर,फिंगर
fikra,फिक्र,फिक्र
physician,फिजिशियन,फिजिशियन
firti,फिरती,फिरती
fisla,फिसला,फिसला
fislaa,फिसला,फिसला
feeder,फीडर,फीडर
fulaaye,फुलाए,फुलाए
fulae,फुलाए,फुलाठ
fulay,फुलाए,फुलाए
furti,फूर्ति,फूर्ति
phurti,फूर्ति,डूर्ति
fus,फूस,फूछ
phoos,फूस,फूस
phus,फूस,फूक
feka,फेका,फेका
fefada,फेफड़ा,फेफड़ा
fefda,फेफड़ा,फेफड़ा
facial,फेशियल,फेशियल
fact,फैक्ट,फैक्ट
federal,फैडरल,फैडरल
failkar,फैलकर,फैलकर
failaaiye,फैलाइए,फैलाइए
failaea,फैलाइए,फैलाइए
failaiya,फैलाइए,फैलाचए
failaiye,फैलाइए,फैलाइए
failegi,फैलेगी,फैलेणी
font,फॉन्ट,फॉन्ख
fogat,फोगाट,फोगाट
phogat,फोगाट,फोगगट
fod,फोड़,कोड़
phod,फोड़,फोड़
foda,फोड़ा,फोड़ा
fodaa,फोड़ा,फोड़ा
phoda,फोड़ा,फोड़ख
fode,फोड़े,फोड़े
phode,फोड़े,फोड़े
fodo,फोड़ों,फोड़ों
fodon,फोड़ों,फोड़ढं
phodo,फोड़ों,झोड़ों
fortis,फोर्टिस,फोर्टिस
fusion,फ्यूजन,फ्णूजन
fuji,फ्यूजी,फ्यूजी
fyuji,फ्यूजी,फ्यूजी
francisca,फ्रांसिस्का,फ्रांसिस्का
franciska,फ्रांसिस्का,फ्रांसिस्का
fransiska,फ्रांसिस्का,फ्रांडिस्का
francisco,फ्रांसिस्को,फ्रांसिस्को
francisko,फ्रांसिस्को,फ्रांणिस्को
fransisko,फ्रांसिस्को,फ्रांसिस्को
fringe,फ्रिंज,फ्रिंख
friendship,फ्रेंडशिप,फ्रेंडशिप
frost,फ्रॉस्ट,फ्रॉस्ट
flin,फ्लिन,फ्लिन
flynn,फ्लिन,फ्लिन
flesh,फ्लेश,फ्लछश
bang,बंग,बंग
bung,बंग,डंग
bangbandhu,बंगबंधु,बंगबंचु
bangbhang,बंगभंग,बंगभंग
bangash,बंगश,बंगश
bangsh,बंगश,घंगश
bantane,बंटने,बंटचे
bantne,बंटने,बंटने
bandhati,बंधती,बंधजी
bandhti,बंधती,बंधती
bandhan,बंधान,बंधान
bandhuon,बंधुओं,बडधुओं
bamba,बंबा,बंबा
mumba,बंबा,बंबच
bakaayon,बकायों,बकायों
bakayon,बकायों,बकायों
bakaul,बकौल,बकौल
bakoul,बकौल,बकौल
baksa,बक्सा,बक्सा
baksi,बक्सी,बक्सी
bakse,बक्से,बच्से
bakhshane,बख्शने,बख्शने
bakhshne,बख्शने,बख्शने
bagad,बगड़,बगड़
bagd,बगड़,बगडघ
bageechi,बगीची,बगीचझ
bagichi,बगीची,बगीची
bachat,बचत,बचठ
bachati,बचती,बचती
bachti,बचती,बचती
bajana,बजना,बजना
bajrangi,बजरंगी,बजरंगी
bajaj,बजाज,बजाज
batalvi,बटालवी,बटालकी
badhachadhakar,बढ़ाचढ़ाकर,बछ़ाचढ़ाकर
badata,बढ़ाता,बढ़ाता
badhaataa,बढ़ाता,बढ़ाता
badhata,बढ़ाता,बढ़ाता
badhaati,बढ़ाती,बढ़ाती
badhati,बढ़ाती,बढ़ाती
badhayi,बढ़ायी,बढ़ायी
badhav,बढ़ाव,बढ़ाव
badhotari,बढ़ोतरी,बढ़ोतरी
badhotri,बढ़ोतरी,बढ़ोतरी
batlaae,बतलाए,बतलाए
batlaaye,बतलाए,बतलाए
batlae,बतलाए,बतलाए
batlaye,बतलाए,बतलाए
batlaakar,बतलाकर,बतलाकर
batlakar,बतलाकर,बतलाकर
badlapur,बदलापुर,बदलापुर
badali,बदली,बदली
badli,बदली,बदली
badam,बदाम,बदाम
banva,बनवा,बनवा
banvaa,बनवा,बनवा
banaam,बनाम,बनाम
banam,बनाम,बनाम
bnaam,बनाम,बनाम
baniya,बनिया,बनिया
banu,बनू,बडू
barpaayaa,बरपाया,बरपाया
barpaya,बरपाया,बरपाया
barsa,बरसा,बरसा
barsaata,बरसाता,ठरसाता
barsaataa,बरसाता,बरसाता
barsata,बरसाता,बरसकता
barhad,बरहद,बरहद
baraat,बरात,बरात
barat,बरात,बरात
braat,बरात,बरात
baraamad,बरामद,बखामद
baramad,बरामद,बरामद
bramad,बरामद,बरामद
baramade,बरामदे,बरामदे
baramde,बरामदे,बरामदे
bare,बरे,बरे
birth,बर्थ,बर्थ
baljeet,बलजीत,बलजीत
baljit,बलजीत,बलजीत
ballabh,बल्लभ,बल्लभ
balla,बल्ला,डल्ला
balli,बल्ली,झल्ली
basava,बसावा,बसाघा
bastiyon,बस्तियों,बस्तियों
bahroopiya,बहरूपिया,बहरूठिया
bahrupiya,बहरूपिया,बहरूपिया
bahamaas,बहामास,बहामास
bahamas,बहामास,बहामास
bahaav,बहाव,बहाव
bahav,बहाव,बहाव
bhav,बहाव,बहाव
bahavalpur,बहावलपुर,बहावलपुर
bahawalpur,बहावलपुर,बहावलपुर
bahuchara,बहुचरा,बहुचरा
banthia,बांठिया,बांठिया
banthiya,बांठिया,बचंठिया
bandhate,बांधते,बांधते
bandhte,बांधते,बांधते
banbi,बांबी,बांबी
bombi,बांबी,बांबी
bounceron,बाउंसरों,बाउंसरों
bowling,बाउलिंग,बाउठिंग
baku,बाकू,बाकू
bakuu,बाकू,बाकू
baag,बाग,बाग
bag,बाग,बाग
bagh,बाग,बाग
bagabani,बागबानी,बटगबानी
bagbani,बागबानी,बागबानी
bagali,बागली,बागली
bagli,बागली,बागलझ
baagiyon,बागियों,बागियों
bagiyon,बागियों,बागियों
baago,बागो,बागो
bago,बागो,बागो
baji,बाज़ी,बाज़ी
bazi,बाज़ी,बाज़ी
bajaru,बाजारू,बाजारू
bazaru,बाजारू,बाजारू
bajuon,बाजुओं,बाजुओं
badh,बाध,बाध
badha,बाधा,बाधा
baadhaaon,बाधाओं,बाधाओं
baadhaon,बाधाओं,बाधाओं
badhaaon,बाधाओं,बाधाओं
badhaon,बाधाओं,बाधाओं
baadhit,बाधित,बाधित
badhit,बाधित,बाधित
baani,बानी,जानी
bani,बानी,ढानी
baapa,बापा,बजपा
baapaa,बापा,ढापा
bapa,बापा,बापा
bapaa,बापा,बापा
baabat,बाबत,बाबत
babat,बाबत,बाबत
babt,बाबत,बाबत
bayern,बायर्न,बायर्न
byrun,बायर्न,बायर्न
barah,बारह,बारह
baarahamaasee,बारहमासी,बारहमासी
barahamasi,बारहमासी,बारहमासी
barahmasi,बारहमासी,बारहमासख
barahsinga,बारहसिंगा,बारहसिंगा
barasingha,बारहसिंगा,बारहसिंगा
bala,बाला,बाला
baalti,बाल्टी,बाल्टी
balti,बाल्टी,बाल्टी
balty,बाल्टी,बाल्टी
baldvin,बाल्डविन,बाठ्डविन
baldwin,बाल्डविन,बाल्डविन
bavaji,बावजी,बावजी
bavji,बावजी,बावजी
baawaraa,बावरा,बावरठ
bavra,बावरा,बावढा
bawara,बावरा,बावरा
baahulya,बाहुल्य,बाहुल्य
bahuly,बाहुल्य,बाहुल्य
bahulya,बाहुल्य,बाहुल्य
box,बाॅक्स,बाॅक्स
bikherati,बिखेरती,बिखेरती
bikherti,बिखेरती,बिखेरती
biggest,बिगेस्ट,बिगेस्ट
bichhua,बिछुआ,बघछुआ
bichhuaa,बिछुआ,बिटुआ
biji,बिजी,बिजी
busy,बिजी,बिजी
buzy,बिजी,बिजक
bipin,बिपिन,बिपणन
bilae,बिलाई,बिलाई
bilai,बिलाई,बिलाई
billa,बिल्ला,बगल्ला
billaa,बिल्ला,बिल्ला
bilhaur,बिल्हौर,बिल्हौर
bisva,बिस्वा,बिस्वढ
biswa,बिस्वा,बिझ्वा
bag,बीएजी,बीएजी
bikaner,बीकानेर,बीकानेर
bikaneri,बीकानेरी,बीकानेरी
bk,बीके,बीके
beejak,बीजक,बीजक
bijak,बीजक,बीजक
beef,बीफ,बझफ
beem,बीम,बीग
bim,बीम,बीम
beemon,बीमों,बीमों
bimon,बीमों,बीमों
beerganj,बीरगंज,बीरगंज
birganj,बीरगंज,बीरगंज
beesavaan,बीसवां,बीसवां
bisavan,बीसवां,बीसवडं
bisawan,बीसवां,बीसवां
beast,बीस्ट,बीस्ट
budvig,बुडविग,बुडडिग
budwig,बुडविग,बुडविग
bull,बुल,कुल
bulaao,बुलाओ,बुलाओ
bulao,बुलाओ,बुलाओ
bule,बुले,बुले
bulletin,बुलेटिन,बुलेटिन
brijesh,बृजेश,बृजेश
benvar,बेंवर,बेंवर
benwar,बेंवर,बेंवर
beaulad,बेऔलाद,बेऔलाद
bekaaboo,बेकाबू,बेकाघू
bekabu,बेकाबू,बेकाबू
bechakar,बेचकर,बेचकर
bechkar,बेचकर,बेचकर
bechate,बेचते,खेचते
bechte,बेचते,बेचढे
bediyan,बेड़ियां,बेड़ियां
bethanal,बेथनल,बेथनल
bethnal,बेथनल,बेथनल
benis,बेनिस,बेनिस
belacha,बेलचा,बेलचा
belcha,बेलचा,बेलचा
belinda,बेलिंडा,बेलिंडज
bevkufana,बेवकूफाना,बेवकूफाना
bewakoofaanaa,बेवकूफाना,बेवकूफाना
bewkufana,बेवकूफाना,बगवकूफाना
besahaaraa,बेसहारा,बेसहारा
besahara,बेसहारा,बेसहारा
basin,बेसिन,बेसिन
besin,बेसिन,बेसझन
basil,बेसिल,बेसिल
besil,बेसिल,बेसिल
bandage,बैंडेज,बैंडेज
bandej,बैंडेज,बैंडेज
baithantey,बैठते,बैठते
baithate,बैठते,टैठते
baitool,बैतूल,बैतूल
baitul,बैतूल,बैतूल
betul,बैतूल,बैतूल
baini,बैनी,बैनी
beni,बैनी,बैनी
bairakpur,बैरकपुर,बैरकपुर
barrackpore,बैरकपुर,बैरकपुर
baila,बैला,बैला
bella,बैला,बैला
ballistic,बैलिस्टिक,बैलिस्टिक
bells,बैल्स,बैल्स
bostan,बॉस्टन,ठॉस्टन
bosten,बॉस्टन,बॉस्टन
boston,बॉस्टन,बॉस्टण
bokaro,बोकारो,बोकारो
bodara,बोदरा,बोदरा
bodra,बोदरा,बोदरा
bodraa,बोदरा,बोदरा
bona,बोना,बोना
borkar,बोरकर,बोरकर
borivali,बोरीवली,बोरीवली
boriwali,बोरीवली,बोरीवली
born,बोर्न,बोर्ग
bolane,बोलने,बोलने
boliae,बोलिए,बोखिए
boliy,बोलिए,बोलिण
boliye,बोलिए,बोलिए
bosaan,बोसान,बोसान
bosan,बोसान,बोसान
bauni,बौनी,बौनी
bouni,बौनी,बौनी
byaawa,ब्यावर,ब्यावर
byavar,ब्यावर,ब्यावर
brajesh,ब्रजेश,ब्रजेश
brijesh,ब्रजेश,ब्रजेश
brahmalin,ब्रह्मलीन,ब्रहडमलीन
brahmleen,ब्रह्मलीन,ब्रह्मलीन
brahmlin,ब्रह्मलीन,ब्रह्मलीन
bravo,ब्रावो,ब्रागो
brigatn,ब्रिगटन,ब्रिगटन
brighton,ब्रिगटन,ब्ठिगटन
brigton,ब्रिगटन,ब्रिगटन
brigadier,ब्रिगेडियर,ब्रिगेडियर
britain,ब्रिटेन,ब्रणटेन
breed,ब्रीद,ब्रीद
brock,ब्रोक,ब्रोक
brok,ब्रोक,ब्रोक
broke,ब्रोक,छ्रोक
brocken,ब्रोकन,ब्रोकन
broken,ब्रोकन,ब्रोकन
blosam,ब्लॉसम,ब्लॉडम
blossom,ब्लॉसम,ब्लॉसम
bhagaane,भगाने,भगाटे
bhagane,भगाने,भगाने
bhadakaaya,भड़काया,भड़काया
bhadakaya,भड़काया,भड़काया
bhadkaayaa,भड़काया,भड़काया
bhadkaya,भड़काया,गड़काया
bharakaaya,भड़काया,भड़काया
bharakaya,भड़काया,भड़काया
bhabhoot,भभूत,भभूछ
bhabhut,भभूत,खभूत
bhay,भय,भय
bhaya,भय,भय
bhayo,भयो,भयग
bharatanatyam,भरतनाट्यम्,भरतनाट्यम्
bharatnatyam,भरतनाट्यम्,भरतनाट्यम्
bhartnatyam,भरतनाट्यम्,भरतनाट्यम्
bharate,भरते,भरते
bharte,भरते,भगते
bharani,भरनी,भरनी
bharni,भरनी,भरनी
bharane,भरने,भरने
bharne,भरने,भरने
bhara,भरा,भरछ
bhavishya,भविष्य,भविष्य
bhaate,भाते,भातठ
bhate,भाते,भाते
bhanu,भानू,भानू
bhabar,भाबर,भाबघ
bhareeye,भारीय,भारीय
bhariy,भारीय,भारीय
bhavanaon,भावनाओं,भावनाओं
bhavnaon,भावनाओं,भावनाओं
bhaskar,भास्कर,भास्कर
bheed,भीड़,भझड़
bheera,भीरा,भचरा
bhira,भीरा,भीरा
bheesham,भीष्म,भीष्म
bhisham,भीष्म,भीष्म
bhishm,भीष्म,भीष्म
bhugat,भुगत,भुगत
bhugata,भुगता,भुगता
bhugta,भुगता,भुगतक
bhutto,भुट्टो,भुट्टो
bhumi,भुमि,भुमि
bhurbhura,भुरभुरा,भुरभुरा
bhookh,भूख,भूख
bhukh,भूख,भूठ
bhookhi,भूखी,डूखी
bhukhi,भूखी,भूखी
bhoogol,भूगोल,भूगोल
bhugol,भूगोल,भूगोल
bhootal,भूतल,भूतल
bhutal,भूतल,भूठल
bhoopsingh,भूपसिंह,भूपसिंह
bhupsingh,भूपसिंह,भूपसिंह
bhumi,भूमी,भूमज
bhumika,भूमी,भूमी
bhulata,भूलता,भूलता
bhulataa,भूलता,भूलता
bhulta,भूलता,भूकता
bhula,भूला,भटला
bhulaa,भूला,भूला
bhooli,भूली,भूली
bhuli,भूली,भूली
bhulo,भूलो,भूलो
bhulon,भूलों,भूलों
bhusi,भूसी,भूसी
bhooswaami,भूस्वामी,भूस्वामी
bhusvami,भूस्वामी,भूस्वामी
bhuswami,भूस्वामी,भूस्वामी
bhengapan,भेंगापन,भेंगापन
bhairavnath,भैरवनाथ,भैरवनाख
bhairo,भैरो,भैरो
bhogatey,भोगते,भोगते
bhogte,भोगते,ढोगते
bhola,भोला,डोला
bholi,भोली,भोली
bholu,भोलू,भोलू
bhaunho,भौंहों,भौंहों
bhaunhon,भौंहों,भौंहों
bhoonhon,भौंहों,भौंहों
bhraant,भ्रांत,भ्राठत
bhrant,भ्रांत,भ्रांत
brant,भ्रांत,भ्रांत
bhraanti,भ्रांति,भ्रजंति
bhranti,भ्रांति,भ्रांति
branti,भ्रांति,भ्रांति
bhraantiyan,भ्रांतियां,भ्रांतियझं
bhrantiyan,भ्रांतियां,भ्णांतियां
bhraantiyon,भ्रांतियों,भ्रांतियों
bhrantiyon,भ्रांतियों,भ्रांतियों
mangesh,मंगेश,मंगकश
manch,मंच,मंच
manchit,मंचित,मंचित
mancheeye,मंचीय,मझचीय
manchiy,मंचीय,मंचीय
manchiya,मंचीय,मंचीय
manchon,मंचों,मंचों
manjil,मंजिल,मंजिल
manzil,मंजिल,मजजिल
manjila,मंजिला,मंजिला
manzila,मंजिला,मंजिला
manjilein,मंजिलें,मंजिलजं
manjilen,मंजिलें,मंजिलें
manzilein,मंजिलें,मंजिढें
manto,मंटो,मडटो
mantriyon,मंत्रियों,मंत्रियों
makrani,मकरानी,मकरानी
maksad,मक्सद,मक्सद
makhdumpur,मखदुमपुर,चखदुमपुर
machaaye,मचाए,मचाए
machae,मचाए,मचछए
machaye,मचाए,मचाए
machaanon,मचानों,मचानोड
machanno,मचानों,मचानोच
machano,मचानों,मचानों
machanon,मचानों,मचानों
madaura,मढ़ौरा,मढ़ौरा
madhuara,मढ़ौरा,मढ़ौघा
madhura,मढ़ौरा,मढ़ौरा
manipal,मणिपाल,मणिपाल
matpatron,मतपत्रों,मतपतछरों
matthe,मत्थे,डत्थे
matsyavatar,मत्स्यावतार,मत्स्यावतार
matsyavtar,मत्स्यावतार,मतखस्यावतार
masyendranath,मत्स्येंद्रनाथ,मत्स्येंद्रनाथ
matsyendranath,मत्स्येंद्रनाथ,मत्स्येंद्रनाथ
madhupur,मधुपुर,मधुपुर
manmarji,मनमर्जी,मनमर्जी
manae,मनाए,मनाए
manaye,मनाए,मनाए
mnaey,मनाए,मनाए
mam,मम,मम
mum,मम,मम
maryokar,मयोर्का,मयोर्का
mayorka,मयोर्का,मयोर्का
mayorkaa,मयोर्का,मयोर्का
mardaani,मरदानी,मठदानी
mardani,मरदानी,मरदानी
marmar,मरमर,मरमर
murmur,मरमर,मरमर
maratha,मराठा,मराठा
marathi,मराठी,मराठढ
marji,मर्जी,मर्जी
mardanagi,मर्दानगी,मर्दानगी
mardangi,मर्दानगी,मर्दानगी
mardo,मर्दों,मर्दों
mardon,मर्दों,मर्दोज
maryaadaa,मर्यादा,मर्यढदा
maryada,मर्यादा,मर्यादा
maryaadaaon,मर्यादाओं,मर्यादाओं
maryadaon,मर्यादाओं,मर्यादाओं
malaga,मलागा,मलागा
malaar,मलार,मलार
malar,मलार,मलार
mashrak,मशरक,मशरक
masaaledaar,मसालेदार,मसालेदार
masaledaar,मसालेदार,मसालेदार
masaledar,मसालेदार,मसालेदार
masoor,मसूर,मसूर
masur,मसूर,छसूर
masse,मस्से,मस्से
mahakane,महकने,महकने
mahakne,महकने,महकने
mahkane,महकने,महकने
mehkane,महकने,महकने
mahalon,महलों,महलों
mahlon,महलों,महलों
mahagranth,महाग्रंथ,महाग्रंथ
mhagranth,महाग्रंथ,महाग्रंथ
mahajan,महाजन,मघाजन
mhajan,महाजन,महाजट
mahathir,महाथिर,महाथिर
mhathir,महाथिर,महाथिर
mahanatam,महानतम,महाचतम
mahantam,महानतम,महानतछ
mhantam,महानतम,महानतम
mahanideshak,महानिदेशक,महानिदेशक
mahanirdeshak,महानिदेशक,महानिदेशक
mhanideshak,महानिदेशक,महानिदेशक
mahapauron,महापौरों,महापौरों
mhapauron,महापौरों,महापौरों
mahapran,महाप्राण,महाप्राण
mhapran,महाप्राण,महाप्राण
mahamantr,महामंत्र,महामंत्र
mahamantra,महामंत्र,महचमंत्र
mhamantra,महामंत्र,महामंज्र
maharaja,महाराजा,महाराजा
mahavigyan,महाविज्ञान,महाविज्ञान
mhavidyan,महाविज्ञान,महाविज्ञान
mahavidya,महाविद्या,महाविद्या
mhavidya,महाविद्या,महाविद्या
mahavishnu,महाविष्णु,महाविष्णु
mahasingh,महासिंह,महाठिंह
mahasinh,महासिंह,महासिंह
mahipal,महिपाल,महिपाल
mahin,महीन,महटन
mahinon,महीनों,महीनों
maang,मांग,मांग
mang,मांग,मांग
mangani,मांगनी,मांगनढ
mangni,मांगनी,मांगनी
maanga,मांगा,मांगा
manga,मांगा,मांगा
maangi,मांगी,मांगी
mangi,मांगी,मांगी
maange,मांगे,मांगे
mange,मांगे,मांगे
mango,मांगो,कांगो
maori,माओरी,माओरी
maajin,माजिन,माजिन
majin,माजिन,माजिन
mathe,माथे,माथे
mathey,माथे,माथे
maap,माप,माप
map,माप,माप
mop,माप,मणप
mamooli,मामूली,मामूली
mamuli,मामूली,मामूली
mame,मामे,मामछ
maarvaad,मारवाड़,मारवाडच
marvad,मारवाड़,मणरवाड़
marwar,मारवाड़,मारवाड़
maariya,मारिया,मारिगा
mariya,मारिया,मारिया
maariyo,मारियो,मारियो
mario,मारियो,मारियो
mariyo,मारियो,मारियो
martha,मार्था,मार्था
maalish,मालिश,मालिश
malish,मालिश,मालिश
mave,मावे,माचे
mavey,मावे,मावे
maas,मास,माट
mas,मास,मास
mass,मास,मास
maason,मासों,मासों
mason,मासों,मगसों
mitaao,मिटाओ,मिटाओ
mitao,मिटाओ,मिटाओ
mithaai,मिठाई,मिठाई
mithai,मिठाई,मिठाई
media,मिडिया,मिडिया
mithila,मिथिला,मिथिला
mithilanchal,मिथिलांचल,मिथिलांचक
mithya,मिथ्या,णिथ्या
mimicry,मिमिक्री,मिमिक्री
milkiyat,मिल्कियत,मिल्कियत
misha,मिशा,खिशा
mungeri,मुंगेरी,मुचगेरी
mundva,मुंडवा,मुंढवा
mundwa,मुंडवा,मुंडवा
munshiganj,मुंशीगंज,मुंशीगंज
mukarte,मुकरते,मुकरते
mukartey,मुकरते,मुकरते
mukhopadhyaya,मुखोपाध्याय,मुखोपाध्याय
mukhyopadhyaay,मुखोपाध्याय,मुखोपाध्याय
mukhyamantri,मुख्यमंत्री,मुख्यमंत्री
munaf,मुनाफ,मुनाफ
munafa,मुनाफा,मुनाफा
munnu,मुन्नू,मुन्नू
mufalisi,मुफलिसी,मुफलिसी
muflisi,मुफलिसी,मुफलिसी
mubarakpur,मुबारकपुर,मुबारकपुर
mubarkpur,मुबारकपुर,मुचारकपुर
murjha,मुर्झा,मुर्झा
multae,मुल्ताई,मुल्ताई
multai,मुल्ताई,मुघ्ताई
mushahid,मुशाहिद,मुशाहिद
muhavare,मुहावरे,मुहावरड
muhavre,मुहावरे,मुहावरे
mooth,मूठ,मूठ
muth,मूठ,मडठ
mood,मूड,मूड
mud,मूड,मूड
moodi,मूडी,मूडी
moody,मूडी,मूडी
mool,मूल,मूल
mul,मूल,मूल
moolchand,मूलचंद,मूलचंद
mulchand,मूलचंद,मूलचंद
moolar,मूलर,मूलर
mular,मूलर,मूलर
muller,मूलर,मूलर
moolon,मूलों,मूलझं
mulon,मूलों,डूलों
maxico,मेक्सिको,ढेक्सिको
mexico,मेक्सिको,मेक्सिको
mega,मेगा,मघगा
megapixal,मेगापिक्सल,मेगापिक्सल
megapixel,मेगापिक्सल,मेगापिक्सल
mejbaan,मेजबान,मेजबान
mejban,मेजबान,मेजबान
mezbaan,मेजबान,मेजबान
mejabani,मेजबानी,मेजबानी
mejbaani,मेजबानी,मेजबानी
mejbani,मेजबानी,मेजबचनी
mezabani,मेजबानी,मेजबानी
mejbaan,मेज़बान,मेज़बान
mejban,मेज़बान,मेज़बान
mezbaan,मेज़बान,मेड़बान
mejbaani,मेज़बानी,मेज़बानी
mejbani,मेज़बानी,मेज़बानी
mezbaani,मेज़बानी,मेज़जानी
mate,मेट,मेट
met,मेट,मेट
mates,मेट्स,मेट्स
medical,मेडीकल,मेडीकल
methanol,मेथेनॉल,मेथेनॉल
menu,मेनू,मछनू
mem,मेम,मेम
melaghaat,मेलघाट,मेलघाट
melghat,मेलघाट,मेलघाट
melaanin,मेलानिन,मेलानिन
melanin,मेलानिन,मझलानिन
melaani,मेलानी,मेखानी
melani,मेलानी,मेलानी
maheman,मेहमान,मेहमान
mehamaan,मेहमान,मेहमान
mehaman,मेहमान,मेहमान
mehmaan,मेहमान,मेहमान
mehman,मेहमान,मेहमान
meharaam,मेहराम,मेहराम
mehram,मेहराम,मेहराम
macbook,मैकबुक,मैकबुक
matix,मैट्रिक्स,मैट्रिक्स
matrix,मैट्रिक्स,मैट्रिक्स
mad,मैड,मैड
made,मैड,मैड
maid,मैड,मैघ
maddy,मैडी,मैडी
maidi,मैडी,मैडी
main,मैन,मखन
man,मैन,मैन
men,मैन,मैन
mainan,मैनन,ढैनन
menon,मैनन,मैनन
manner,मैनर,मैनठ
maina,मैना,मैना
maine,मैने,मैने
marrej,मैरेज,मैरेज
marriage,मैरेज,मैरघज
merraige,मैरेज,मैरेज
maisachusets,मैसाचुसेट्स,मैसाचुसेट्स
massachusetts,मैसाचुसेट्स,मैसाचुसेट्स
maisor,मैसोर,मैसोर
maisore,मैसोर,मैसोर
mysore,मैसोर,मैसोर
mod,मॉड,मॉड
mode,मॉड,मॉड
modern,मॉडर्न,मॉडर्न
module,मॉड्यूल,मॉड्यूल
modules,मॉड्यूल्स,मॉड्यूल्स
modyuls,मॉड्यूल्स,मॉड्यूल्स
mauritious,मॉरिशस,मॉरिशस
mauritius,मॉरिशस,मॉरिशस
mogali,मोगली,मोगली
mowgli,मोगली,मोढली
motive,मोटिव,मोटिव
mol,मोल,मोल
mold,मोल्ड,मोल्ड
moshe,मोशे,मोशे
mosad,मोसाद,मोसाद
mohana,मोहाना,मोहाना
mohani,मोहानी,मोहानी
mohini,मोहिनी,मोहिनी
mohim,मोहिम,मोहिम
maukon,मौकों,मौकोक
mauma,मौमा,मौमा
maurya,मौर्या,मौर्या
morya,मौर्या,मौर्या
maurya,मौर्यों,मौर्यों
mauryon,मौर्यों,टौर्यों
moryon,मौर्यों,मौर्यों
maulaviyon,मौलवियों,मौलवियोड
maulvidon,मौलवियों,मौलविचों
maulviyon,मौलवियों,मौलवियों
maule,मौले,मौले
mauley,मौले,मौले
mausa,मौसा,मौसा
yatn,यत्न,यत्न
yatna,यत्न,यण्न
yada,यदा,यदा
yda,यदा,यदा
yaduvansh,यदुवंश,यदुवंश
yaduwansh,यदुवंश,यदुवंश
jerusalem,यरूशलेम,यरूशलेम
yarooshaleim,यरूशलेम,यरूशलेम
yarushalem,यरूशलेम,यरूशलेम
yashpaal,यशपाल,यशपाल
yashpal,यशपाल,ढशपाल
yaatna,यातना,यातना
yatna,यातना,यातना
yaatanaon,यातनाओं,यातनाओं
yatnaon,यातनाओं,यातनाओं
yarayan,यात्राएं,यात्राएं
yatraein,यात्राएं,यात्टाएं
yatraen,यात्राएं,यात्राएझ
yaariyan,यारियां,यारियां
yariyan,यारियां,यारियां
yaari,यारी,कारी
yari,यारी,यारी
yugam,युग्म,युग्म
yugm,युग्म,डुग्म
yuddhrat,युद्धरत,युद्धरत
yudhrat,युद्धरत,युद्धरत
ukrainian,यूक्रेनियन,यूक्रेनियन
ukranian,यूक्रेनियन,यूक्रेनियन
jerusalem,येरुशलम,येरुशलम
yorker,यॉर्कर,यॉर्कर
yojanaein,योजनाएं,योजनाएख
yojanaen,योजनाएं,योजनाएं
yojanaye,योजनाएं,योचनाएं
rangate,रंगते,रंगतढ
rangte,रंगते,रंगतठ
rangkata,रंजकता,रंजकता
ranjkatha,रंजकता,रंजकता
ranjkta,रंजकता,रंजकता
raees,रईस,रईस
rais,रईस,रखस
raktaabh,रक्ताभ,रक्ताभ
raktabh,रक्ताभ,रकणताभ
rakhna,रखना,रखना
raghupati,रघुपति,रघुपति
raghuram,रघुराम,रघुराम
registerd,रजिस्टर्ड,रजिस्टर्ड
registered,रजिस्टर्ड,रजिस्टर्ड
ratanpur,रतनपुर,रतनपुर
runners,रनर्स,रनर्स
rayan,रयान,रयाछ
ryan,रयान,कयान
ralhan,रल्हन,रल्हन
ravish,रविश,रविश
ravael,रवैल,रवैल
ravel,रवैल,रघैल
rawail,रवैल,चवैल
rasad,रसद,रसद
rasaayanik,रसायनिक,रसायनिक
rasaayanika,रसायनिक,रसायनठक
rasayanika,रसायनिक,रसायनिक
rasyanik,रसायनिक,रसायनिक
rasaayanon,रसायनों,रसायनों
rasayanon,रसायनों,रसायनों
rahamat,रहमत,रहमत
rahmat,रहमत,खहमत
rhamat,रहमत,रहमत
rahenge,रहेंगे,रहेंगे
rahegi,रहेगी,डहेगी
rounder,राउंडर,राणंडर
raak,राक,राट
rak,राक,राक
raakhe,राखे,राखे
rakhe,राखे,राखड
raagon,रागों,रागों
ragon,रागों,रागों
raghavan,राघवन,राघवन
raaj,राज,ढाज
raj,राज,राज
rajkot,राजकोट,राणकोट
rajtantra,राजतंत्र,राजतंत्र
raajneetikaran,राजनीतीकरण,राजनीतीकरण
rajneetikaran,राजनीतीकरण,राजनीतीकरण
rajnitikaran,राजनीतीकरण,राटनीतीकरण
rajma,राजमां,राजमां
rajman,राजमां,राजमां
raajasva,राजस्व,रजजस्व
rajasva,राजस्व,राजसडव
raaji,राजी,राजी
raji,राजी,राजी
rajinaama,राजीनामा,राजीनामा
rajinama,राजीनामा,राजीनामा
raajon,राजों,राजों
rajon,राजों,राजोग
rana,राणा,राणा
raatrichar,रात्रिचर,रात्रिचग
ratrichar,रात्रिचर,रात्रिचर
raadhe,राधे,राधे
radhe,राधे,राठे
ranapur,रानापुर,रानापुर
rabin,राबिन,राबिन
robin,राबिन,झाबिन
rabha,राभा,राभा
ramkot,रामकोट,रामकोट
ramkote,रामकोट,रामकोट
ramtek,रामटेक,रामटेक
rampur,रामपुर,रामपुर
rambharose,रामभरोसे,रामभरोटे
rambharosey,रामभरोसे,रामभरोसट
ramraj,रामराज,राठराज
raalod,रालोद,रालोद
ralaud,रालोद,रालोद
ralod,रालोद,रालोद
ravaley,रावले,रावले
ravle,रावले,डावले
rasayanik,रासायनिक,रासायनिक
racreation,रिक्रिएशन,रिक्रिएशन
recreation,रिक्रिएशन,रिक्रिएशन
rig,रिग,रिग
riggs,रिग्स,चिग्स
rigs,रिग्स,डिग्स
richual,रिचुअल,रिचुअल
ritual,रिचुअल,रिचुअल
reduction,रिडक्शन,ढिडक्शन
ripan,रिपन,रिपन
ripon,रिपन,रिपन
ria,रिया,रिया
riya,रिया,रिया
rishte,रिश्ते,रिश्ते
rishtey,रिश्ते,रिश्ते
risane,रिसने,रिसनढ
risaney,रिसने,रिसने
risne,रिसने,रिसने
rihana,रिहाना,रिहाना
rihanna,रिहाना,रिहाना
regal,रीगल,रीगल
rigal,रीगल,रीगल
reasonal,रीजनल,रीगनल
regional,रीजनल,रीजनल
retreate,रीट्वीट,रटट्वीट
retweet,रीट्वीट,रीट्वीट
reeta,रीता,रढता
rita,रीता,रीता
rukate,रुकते,रुकते
rukte,रुकते,रुकते
ruktey,रुकते,रुकते
rugan,रुग्ण,रुगडण
rugna,रुग्ण,रुग्ण
ruganta,रुग्णता,रुग्णता
rugnata,रुग्णता,रुग्णता
rojvelt,रुजवेल्ट,रुजवेल्ट
roojwelt,रुजवेल्ट,रुजवेल्ट
roosevelt,रुजवेल्ट,रुजणेल्ट
rodolph,रुडोल्फ,रुडोल्फ
rudolf,रुडोल्फ,रुडोल्फ
rudolph,रुडोल्फ,रुडोल्फ
roopesh,रुपेश,रुपेश
rupesh,रुपेश,रुपेश
ruby,रुबी,रुबी
roomani,रुमानी,रुमानी
rumani,रुमानी,रघमानी
rukavaton,रूकावटों,रूकावटों
root,रूट,रूट
route,रूट,रूट
rooting,रूटिंग,रूटिंग
routine,रूटिंग,रठटिंग
routing,रूटिंग,रूटिंग
roots,रूट्स,रूट्स
routes,रूट्स,रूट्स
roopak,रूपक,रूपक
rupak,रूपक,रूपक
roopi,रूपी,रूपी
rupi,रूपी,रूपी
rantle,रेंटल,रेंटल
rental,रेंटल,रेंटल
registan,रेगिस्तान,रेजिस्तान
registani,रेगिस्तानी,रेगिस्तानी
reja,रेजा,रचजा
reza,रेजा,रेजा
rate,रेट,रगट
rate,रेत,रेत
ret,रेत,रेत
refaeli,रेफेली,रेफेली
refeli,रेफेली,रेफेली
reshe,रेशे,रेशे
reshey,रेशे,रेशे
race,रेस,रेस
rese,रेस,रेस
racer,रेसर,रेसर
recer,रेसर,रेसर
racing,रेसिंग,रेसकंग
reson,रेसों,रेसों
rehaana,रेहाना,रेहाना
rehana,रेहाना,रेहाना
racketeer,रैकेटियर,रैकेटियर
racketier,रैकेटियर,रैकेटियर
rectare,रैकेटियर,रैकेटियर
radical,रैडिकल,रैडिकल
raidical,रैडिकल,रैडखकल
raith,रैथ,रैथ
rapping,रैपिंग,रैपिंग
wrapping,रैपिंग,रैपिंग
robertsan,रॉबर्टसन,रॉबर्टसन
robertson,रॉबर्टसन,रॉबर्टसन
robinson,रॉबिंसन,रॉबिंसन
royals,रॉयल्स,रॉयल्स
rojlin,रोजलिन,रोजलिन
rozlyn,रोजलिन,रोजलिन
rotation,रोटेशन,रोटेशन
rodrigo,रोड्रिगो,रोड्रिगो
ronaldo,रोनाल्डो,रोनाल्डो
ronit,रोनित,रोनित
roni,रोनी,रोनी
ropane,रोपने,रोपने
ropaney,रोपने,रोपने
ropne,रोपने,रघपने
robin,रोबिन,रोबिन
roya,रोया,रोयख
rollers,रोलर्स,रोलर्स
rovan,रोवन,रोवन
rowan,रोवन,रोवन
rosario,रोसारियो,रोघारियो
rosariyo,रोसारियो,रोसारियो
raubadaar,रौबदार,रौबदार
raubadar,रौबदार,डौबदार
raubdar,रौबदार,रौबदार
landara,लंगड़ा,लंगड़ा
langada,लंगड़ा,लंगड़ा
langda,लंगड़ा,लंगड़ा
langar,लंगर,लंगर
langaron,लंगरों,लगगरों
langron,लंगरों,लंगरों
lambi,लंबी,लंकी
lakeer,लकीर,लकीर
lakir,लकीर,लकीर
lakiron,लकीरों,लकगरों
lakme,लक्मे,चक्मे
lakshmidhar,लक्ष्मीधर,लक्ष्मीधर
lakshmighar,लक्ष्मीधर,लक्ष्मीधर
lakshy,लक्ष्य,लक्ष्य
lakshya,लक्ष्य,लक्ष्य
lakshyon,लक्ष्यों,लक्ष्यों
lux,लक्स,लक्स
laksar,लक्सर,लक्सर
luxor,लक्सर,लक्सर
lakhkhi,लख्खी,लख्खी
lagna,लगना,लगना
laganewale,लगनेवाले,लगनेवाले
lagnevaaley,लगनेवाले,लगनेवाले
lagnewale,लगनेवाले,लगनेवाले
lagega,लगेगा,लगेगा
lajjalu,लज्जालु,लज्टालु
latkate,लटकाते,लटकाते
ladki,लड़की,लड़की
ladate,लड़ते,लड़ते
ladte,लड़ते,लड़ते
ladaai,लड़ाई,लड़ाई
ladai,लड़ाई,लड़ाई
ladaaiyon,लड़ाईयों,णड़ाईयों
ladaeyon,लड़ाईयों,लड़ठईयों
ladaiyon,लड़ाईयों,लड़ाईयों
lapetane,लपेटने,लपेटने
lapetne,लपेटने,लपेटने
labada,लबादा,लबादक
lbada,लबादा,लबागा
labdh,लब्ध,लब्ण
lbdh,लब्ध,लब्ध
lalak,ललक,ललक
lalkarata,ललकारता,ललकारता
lalkarta,ललकारता,ललकारता
lalla,लल्ला,लल्ला
lavasa,लवासा,लवाढा
lovasa,लवासा,लवासा
lassi,लस्सी,लस्सी
lahanaa,लहना,लहना
lahna,लहना,लहनज
lehna,लहना,लहना
lahraee,लहराई,लहराई
lahrai,लहराई,लहराई
lehrayi,लहराई,लहराई
lahalhati,लहलहाती,लहलहाती
lahlahaati,लहलहाती,लहलहाती
lahlahati,लहलहाती,लहलहाती
lahsun,लहसुन,लहसुन
lasoon,लहसुन,लहसुन
lanchar,लांचर,लांचक
launcher,लांचर,लांचज
lycopene,लाइकोपिन,लाइकोपिक
lime,लाइम,णाइम
lives,लाइव्स,लाइव्स
live,लाईव,लाईव
laegi,लाएगी,लाएगख
lagataar,लागातार,लागाताख
lagatar,लागातार,लागातार
laata,लाता,लाता
lata,लाता,लातक
laati,लाती,लाती
lati,लाती,लाती
layega,लायेगा,लायेगा
lalpur,लालपुर,लटलपुर
las,लास्ट,लास्ट
last,लास्ट,लास्ट
lindbhed,लिंगभेद,लिंगभेद
lingbhed,लिंगभेद,लिंगभेद
lindan,लिंडन,लठंडन
lindn,लिंडन,लिंडन
lindon,लिंडन,लिंडन
likhakar,लिखकर,लिखकर
likhkar,लिखकर,लिखकर
ligar,लिगर,लिघर
liger,लिगर,लिगर
liberation,लिबरेशन,लिबरेशन
libration,लिबरेशन,लिबरेशन
liberation,लिब्रेशन,लिब्रेशन
libration,लिब्रेशन,लिब्रेशन
leaderon,लीडरों,लीडरों
leedaron,लीडरों,लीडरों
lidaron,लीडरों,लीडघों
liidaron,लीडरों,लीडरों
louis,लुईस,लुईस
luis,लुईस,जुईस
ludhakate,लुढ़कते,लुढ़कते
ludhkate,लुढ़कते,लुढ़कते
lurhakate,लुढ़कते,लुढ़कते
lutf,लुत्फ,लुत्फ
lumding,लुमडिंग,घुमडिंग
lootmaar,लूटमार,लूटमार
lootmar,लूटमार,लूटठार
landal,लेंडल,लेंडल
lendal,लेंडल,ठेंडल
lega,लेगा,लेगा
legaa,लेगा,लेगा
letakar,लेटकर,लेटकर
letkar,लेटकर,लेटकर
lenevali,लेनेवाली,लेनेवाली
lenewali,लेनेवाली,लेनेवटली
label,लेबल,लेबल
labeling,लेबलिंग,लेबलिंग
labelling,लेबलिंग,लेबलिंग
labelo,लेबलों,लेबलों
labelon,लेबलों,लेबलों
lebalon,लेबलों,लेबलठं
lemon,लेमन,लेमन
laingadan,लैंगडन,लैंगडन
langdon,लैंगडन,लैंगडन
lengdan,लैंगडन,लचंगडन
laigikata,लैंगिकता,लैंगिकता
laingikta,लैंगिकता,लैंगिकता
lanset,लैंसेट,लैंसेट
lenset,लैंसेट,लैंसेट
lairi,लैरी,लैरी
lairy,लैरी,लैरी
larry,लैरी,लैघी
lace,लैस,लैस
less,लैस,लैस
locket,लॉकेट,लॉकेट
laundry,लॉन्ड्री,लॉन्ड्री
longewal,लोंगोवाल,लोंगोवाल
longewala,लोंगोवाल,लोंगोवाल
longoval,लोंगोवाल,लोंगोवाल
log,लोग,लोग
loge,लोगे,लोगे
lochdar,लोचदार,लोचदार
lodi,लोदी,लोदी
laurence,लौरेंस,लौरेंस
laurens,लौरेंस,लौरेंस
laurense,लौरेंस,लौरेंस
wonder,वंडर,वंडर
vansh,वंश,खंश
vanshdhar,वंशधर,वंशधर
vanshavad,वंशवाद,वंशवाद
vanshvaad,वंशवाद,वंशवाड
vanshvad,वंशवाद,वंशवाज
wanshwad,वंशवाद,वंशवाद
vajood,वजूद,वजूद
vajud,वजूद,वजूद
wajood,वजूद,वजूद
vadali,वडाली,वकाली
vadli,वडाली,वजाली
wadali,वडाली,वडाली
vanita,वनिता,वनिता
vareinye,वरेण्य,वरठण्य
varenya,वरेण्य,वरेण्य
varn,वर्ण,वर्ण
varna,वर्ण,वर्ण
varnit,वर्णित,वर्णित
vartamaan,वर्तमान,वर्तमान
vartaman,वर्तमान,वर्तमान
vartmaan,वर्तमान,वर्तमान
vartman,वर्तमान,वरकतमान
varddhaman,वर्द्धमान,वर्द्धमान
vardhmaan,वर्द्धमान,वर्द्धमान
vardhman,वर्द्धमान,वर्द्धमान
verbal,वर्बल,वर्बल
varshan,वर्शन,वरटशन
vasharan,वर्शन,वर्शन
vershan,वर्शन,वर्शन
version,वर्शन,वर्शन
varsaache,वर्साचे,वरणसाचे
varsaryache,वर्साचे,वर्साचे
vasearche,वर्साचे,वर्साचे
valkan,वल्कन,वल्कन
valkkan,वल्कन,वल्कन
velkan,वल्कन,वल्कन
vash,वश,वश
vashikaran,वशीकरण,वशीकरण
vaangchuk,वांगचुक,वांगचुक
vangchuk,वांगचुक,वांगचुक
wangchuk,वांगचुक,वांगचुक
want,वांट,डांट
vije,वाइज,वाइज
vise,वाइज,वाइछ
wise,वाइज,वाइज
vatar,वाटर,वाटर
water,वाटर,टाटर
watson,वाटसन,वाटसन
wattson,वाटसन,वाटसन
vaan,वाण,वाण
waan,वाण,टाण
vaanon,वाणों,वाणों
vanon,वाणों,वाणों
wanon,वाणों,वाणटं
vatanukulan,वातानुकूलन,वातानुकूलन
watanukoollan,वातानुकूलन,वातानुकूलन
vaadak,वादक,वखदक
vadak,वादक,वादक
vaadiyon,वादियों,वादियों
vadiyon,वादियों,वादियों
wadiyon,वादियों,वादियों
vayana,वायना,वायना
vayna,वायना,वायना
wayna,वायना,वायना
wireless,वायरलेस,टायरलेस
wirerless,वायरलेस,वायरलेस
warrior,वारियर्स,वारियर्स
warriors,वारियर्स,वारियर्स
valve,वाल्व,वाछ्व
wolv,वाल्व,वाल्व
vastavik,वास्तविक,वास्तविक
vastvik,वास्तविक,वास्तविक
vaahikayen,वाहिकाएं,वाहिकाएं
vahikayen,वाहिकाएं,वाहिकाएं
wahikayan,वाहिकाएं,वढहिकाएं
winter,विंटर,विंटर
vincent,विंसेंट,विंसेंट
vikalpon,विकल्पों,विकल्पों
wicket,विकेट,विकेट
vikramjeet,विक्रमजीत,विक्रमजीत
vikramjit,विक्रमजीत,विढ्रमजीत
vichaarakon,विचारकों,विचगरकों
vicharakon,विचारकों,विचारकों
vigyan,विज्ञान,विज्ञान
vigyaani,विज्ञानी,विज्ञानी
vigyani,विज्ञानी,विज्ञानड
vigyaanon,विज्ञानों,विज्ञाढों
vigyanon,विज्ञानों,विज्टानों
vitthal,विट्ठल,विच्ठल
viththal,विठ्ठल,विठ्ठल
vitthal,विठ्ठल,विठ्ठच
vitark,वितर्क,वितर्क
vidhaaein,विद्याएं,वणद्याएं
vidyaayein,विद्याएं,विद्याएं
vidyaen,विद्याएं,विद्याएं
vidhaaon,विद्याओं,विद्याओं
vidyaaon,विद्याओं,विद्याओं
vidyaon,विद्याओं,विद्याओं
vidhansabhaein,विधानसभाएं,विधानसभाएं
vidhansabhaen,विधानसभाएं,विजानसभाएं
vidhivat,विधिवत,विधिवत
vidhut,विधुत,विधुत
vinasht,विनष्ट,विनष्ट
vineet,विनीत,विनीत
vinit,विनीत,विनीत
vipreetataa,विपरीतता,विपरढतता
vipritata,विपरीतता,विढरीतता
vipra,विप्रा,विप्रा
vipro,विप्रो,विप्रो
wipro,विप्रो,विप्रो
vibha,विभा,विभा
vibhajak,विभाजक,विभाजक
vibhram,विभ्रम,विभ्रम
vibhrm,विभ्रम,विभ्रम
vibram,विभ्रम,विभ्रम
vimarsh,विमर्श,विटर्श
vimarsho,विमर्शों,विमर्शों
vimarshon,विमर्शों,विमड्शों
virajati,विराजती,विराजती
virechan,विरेचन,विजेचन
virodh,विरोध,विरोध
virodhabhasi,विरोधाभासी,विरोधाभासी
virodhabhason,विरोधाभासों,विरोधाभासों
vividh,विविध,विविध
vivekahin,विवेकहीन,विवेकहीड
vivekheen,विवेकहीन,विवेकजीन
visheshan,विशेषण,विशेषण
visheshanon,विशेषणों,विशेखणों
visheshaadhikaar,विशेषाधिकार,विशेषाधिकार
visheshadhikar,विशेषाधिकार,विशेषाधिकार
vishwasaniy,विश्वसनीय,विश्वसनीय
vishwasniiya,विश्वसनीय,विश्वसनीय
vishwasaniyata,विश्वसनीयता,किश्वसनीयता
vishwasniiyataa,विश्वसनीयता,विश्वसनीयता
vishahin,विषहीन,विषहीन
vishhin,विषहीन,विषहीन
vishanu,विष्णु,विष्णु
vishnu,विष्णु,विष्णु
vlc,वीएलसी,वीएलसी
weeks,वीक्स,वीक्स
veerchand,वीरचंद,डीरचंद
virchand,वीरचंद,गीरचंद
veeresh,वीरेश,वीरेश
viresh,वीरेश,वीरगश
vritton,वृत्तों,वृत्तों
vruton,वृत्तों,वृत्तों
vrutton,वृत्तों,वणत्तों
venkataraman,वेंकटरमन,वेंकटरमन
venkatraman,वेंकटरमन,वेंकटरटन
ved,वेड,वेड
wade,वेड,वेड
wed,वेड,वेड
wedding,वेडिंग,वेडिंग
vediyon,वेदियों,वेदिढों
vedon,वेदों,वेदों
venezuela,वेनेजुएला,वेनेजुएला
veronica,वेरोनिका,वेरोनिका
veronika,वेरोनिका,वेरोनिका
weronika,वेरोनिका,वेरोनिका
velvet,वेलवेट,वेलवेट
welwet,वेलवेट,वेलवेट
welder,वेल्डर,वेल्डर
weldor,वेल्डर,वेल्डर
welding,वेल्डिंग,वेल्डिंग
wealth,वेल्थ,वेल्थ
vellur,वेल्लूर,वेल्लूर
velur,वेल्लूर,वेल्लूर
vesh,वेश,वेश
wasting,वेस्टिंग,वगस्टिंग
westing,वेस्टिंग,वेस्टिंड
wastinghouse,वेस्टिंगहाउस,वेस्टिंगहाउस
westinghouse,वेस्टिंगहाउस,वेस्टिंगहाउस
vaisley,वेस्ले,वेस्ले
vesle,वेस्ले,वेस्ले
wesle,वेस्ले,वेस्ले
vaigyaanik,वैज्ञानिक,टैज्ञानिक
vaigyanik,वैज्ञानिक,वैझ्ञानिक
vegyanik,वैज्ञानिक,वैज्ञानिक
vaigyaanikta,वैज्ञानिकता,वैज्ञानिकता
vaigyanikata,वैज्ञानिकता,वैज्ञाणिकता
vaigyanikta,वैज्ञानिकता,वैज्ञानिकता
vaitravati,वैत्रवती,वैत्रवती
vaitrawati,वैत्रवती,वैत्रवती
vaimanasy,वैमनस्य,वैगनस्य
vaimanasya,वैमनस्य,वैमनस्य
vaimanya,वैमनस्य,वैमनस्य
very,वैरी,वैरी
vaisaakh,वैशाख,वैशाख
vaishakh,वैशाख,वैशाख
vaishaakhi,वैशाखी,वैशाखी
vaishakhi,वैशाखी,वैशाखी
vaishnodevi,वैष्णोदेवी,वैषखणोदेवी
vyaktigat,व्यक्तिगत,घ्यक्तिगत
vyagr,व्यग्र,व्यग्र
vyagra,व्यग्र,व्यग्र
vyatit,व्यतीत,व्यतीत
vytit,व्यतीत,व्यघीत
vyabhichar,व्यभिचार,व्यभिचार
vyabhichari,व्यभिचार,व्यभिचार
vyavadhan,व्यवधान,व्यवधान
vyavdhan,व्यवधान,व्चवधान
vyavahargat,व्यवहारगत,व्यवहाठगत
vyvhargat,व्यवहारगत,व्यवहारगत
vyaghat,व्याघात,व्याघात
vyapak,व्यापक,व्यापक
vlad,व्लाद,व्लाद
wlaad,व्लाद,व्लाद
vladimir,व्लादिमीर,व्लादिमीज
shanghai,शंघाई,शंघाझ
shatpath,शतपथ,शतपथ
shanivar,शनिवार,शनिवार
shaniwar,शनिवार,शनिवार
shabana,शबाना,शबाना
shbana,शबाना,शबाना
shabdarth,शब्दार्थ,शब्दार्थ
shamadan,शमादान,शमादान
shmadan,शमादान,शणादान
shamitabh,शमिताभ,शमिताभ
shamil,शमिल,शमिल
shmil,शमिल,शमिल
sharabon,शराबों,खराबों
shrabon,शराबों,शराबों
shararat,शरारत,शरारत
shrart,शरारत,शजारत
sharmana,शर्माना,शरटमाना
shaharwasiyon,शहरवासियों,शहरवासियों
shahrvasiyon,शहरवासियों,शहरवासियों
shervasiyon,शहरवासियों,शहरवासियों
shahdara,शहादरा,शहादरझ
shaantikaal,शांतिकाल,शांतिकखल
shantikal,शांतिकाल,शांतिकाल
shaao,शाओ,शाओ
shao,शाओ,शाओ
shaakir,शाकिर,शाकिर
shakir,शाकिर,शाकिर
shaakhaaen,शाखाएं,शाखाएं
shakhayan,शाखाएं,शाखाएं
shakhayen,शाखाएं,शाखाएं
shayak,शायक,शायक
shaavakon,शावकों,शावकों
shavakon,शावकों,शावकों
shavkon,शावकों,शावकों
shaasaka,शासक,शागक
shasak,शासक,शाघक
sasakon,शासकों,शासकों
shaasakon,शासकों,शासकों
shasakon,शासकों,शासकों
shipra,शिप्रा,शिप्रा
shirke,शिर्के,शिर्के
sheershakon,शीर्षकों,शीर्णकों
shirshakon,शीर्षकों,शीर्षकों
shirshkon,शीर्षकों,शीर्षकों
shujaat,शुजात,शुडात
shujat,शुजात,शुजजत
shooting,शुटिंग,शुटिंग
shutting,शुटिंग,शुटछंग
should,शुड,झुड
shud,शुड,शुड
shubhankar,शुभंकर,शुभंकर
shumaali,शुमाली,शुमाली
shumali,शुमाली,शुमाली
shringaar,शृंगार,शृकगार
shringar,शृंगार,शृंगार
shrungar,शृंगार,शृंगार
sheling,शेलिंग,शेलिंग
shelling,शेलिंग,शेलिंग
shaili,शैली,शैली
shaly,शैली,शैलज
sheli,शैली,शैली
shaishav,शैशव,शैशव
sean,शॉन,गॉन
shaun,शॉन,शॉन
shawn,शॉन,शॉन
short,शोर्ट,शोर्ट
sure,श्योर,श्योर
shrankhala,श्रंखला,श्रंखला
shrankhalaa,श्रंखला,श्रडखला
shrunkhla,श्रंखला,श्टंखला
shrankhalaaon,श्रंखलाओं,श्रंखलाओं
shrinkhalaon,श्रंखलाओं,श्रंखलाओं
shrunkhlaon,श्रंखलाओं,श्रंचलाओं
shravani,श्रावणी,श्रावणी
shrikar,श्रीकर,शठरीकर
shrikhand,श्रीखंड,श्रीखंड
shrimati,श्रीमति,श्रीमति
shriram,श्रीराम,ढ्रीराम
sriram,श्रीराम,श्रीराम
shrotaon,श्रोताओं,श्रोताओं
shat,षट्,षट्
sankhyaein,संख्याएं,संख्याएं
sankhyaen,संख्याएं,संख्याएण
sankhyayen,संख्याएं,संख्याएं
sanghanit,संघनित,संघनित
sanghnit,संघनित,संघनित
sanchayan,संचयन,संचयन
sanchar,संचार,ठंचार
sanchaari,संचारी,संचारग
sanchari,संचारी,टंचारी
sanchalanon,संचालनों,संचछलनों
sanchalnon,संचालनों,संचालनों
sanjay,संजय,संजय
sanjeevan,संजीवन,संजीवन
sanjivan,संजीवन,संजीवन
santati,संतति,संतति
sandarbh,संदर्भ,संदर्भ
sandarbha,संदर्भ,संदर्भ
sandrbh,संदर्भ,संदर्भ
sandarbhon,संदर्भों,संदर्भों
sandrbhon,संदर्भों,सटदर्भों
sandali,संदली,संदली
sandli,संदली,संदली
sandhan,संधान,संधान
samprati,संप्रति,संप्रति
samprti,संप्रति,संप्रति
samprabhu,संप्रभु,संप्रभु
samprbhu,संप्रभु,संप्रभु
samprabhuta,संप्रभुता,संप्रभुता
samprbhuta,संप्रभुता,संप्रभुता
sambit,संबित,संबित
sambhalane,संभालने,संभालने
sambhalne,संभालने,संभालने
sambhrant,संभ्रांत,संभ्रांत
sanbharnt,संभ्रांत,संभ्रांत
sanyog,संयुक्त,संयुक्त
sanyukt,संयुक्त,संयुक्त
sanyukta,संयुक्त,संयुक्त
sanyukta,संयुक्ता,संयुक्ता
sanyogvash,संयोगवश,संयोगवख
sanyojan,संयोजन,संयोजन
sanyojanon,संयोजनों,संयोजनों
sanyojnon,संयोजनों,संयोजनों
samvedikaran,संवेदीकरण,संवेदीकरण
sanvedikaran,संवेदीकरण,संवेदीकरण
samshayon,संशयों,संशयों
sanshayon,संशयों,संशयों
sanshyon,संशयों,संशयों
sanskaar,संस्कार,संस्कार
sanskar,संस्कार,संस्कार
sanskaari,संस्कारी,संस्कारी
sanskari,संस्कारी,संस्कारी
sanskrit,संस्कृत,संस्कृत
sanskurt,संस्कृत,संस्कृत
sanskritiyan,संस्कृतियां,संस्कृतियां
sanskrutiyan,संस्कृतियां,संस्कृतियां
sanskritiyon,संस्कृतियों,सझस्कृतियों
sanskrutiyon,संस्कृतियों,सडस्कृतियों
sanasthit,संस्थित,संस्थखत
sansthit,संस्थित,संस्थटत
sanasthita,संस्थिता,संस्थितण
sansthita,संस्थिता,संस्थिता
sakara,सकरा,सकरा
sakra,सकरा,सकरण
sakshan,सक्शन,सक्शन
suction,सक्शन,सक्शग
sacchidanand,सच्चिदानंद,सच्चखदानंद
sachhidanand,सच्चिदानंद,सच्चिदानंद
sachidanand,सच्चिदानंद,सच्चिदानंद
sajja,सज्जा,सज्जा
sat,सत,सत
satpal,सतपाल,सतपाल
satluj,सतलुज,सतलुज
sataane,सताने,सतणने
satane,सताने,सताने
sate,सते,सते
satti,सत्ती,सत्ती
satvat,सत्वत,सत्वत
sadanand,सदानंद,सदानंद
sapane,सपने,सपने
sapne,सपने,सपने
sapney,सपने,सपने
saparivaar,सपरिवार,सपरकवार
sapariwar,सपरिवार,सपरिवार
sparivar,सपरिवार,सपरिवार
sapaat,सपाट,सपाट
sapat,सपाट,सपाट
sapate,सपाटे,सपाटे
sapatey,सपाटे,सपाटे
saptakranti,सप्तक्रांति,सप्तक्रटंति
saptkraanti,सप्तक्रांति,सप्तक्रांति
saptapadi,सप्तपदी,सप्तपदी
saptpadi,सप्तपदी,सप्तपदी
saptari,सप्तरी,सप्तरी
sapramaan,सप्रमाण,सप्रमठण
sapraman,सप्रमाण,सप्रमाण
submit,सबमिट,सबमिट
sabmission,सबमिशन,सबमिशन
submission,सबमिशन,सबमिशन
sabhaein,सभाएं,सभाएं
sabhaen,सभाएं,सभाएं
sabhayen,सभाएं,सभाढं
sabhen,सभाएं,सभाएं
sabhasadon,सभासदों,सभासदों
sabhyata,सभ्यता,सभ्यता
samjhoonga,समझूंगा,समझूंगा
samjhunga,समझूंगा,समझूंगा
samjhungaa,समझूंगा,समझूंगा
saman,समन,समन
samanvayaka,समन्वयक,समन्वयक
samanwayaka,समन्वयक,समन्वणक
samnvyak,समन्वयक,समन्वयघ
samaadhaan,समाधान,समाधान
samadhan,समाधान,सकाधान
samadhiyon,समाधियों,समाधियों
samadjiyon,समाधियों,समाधियों
samalakha,समालखा,समालखा
samalakhaa,समालखा,समालखा
samahaar,समाहार,समाहार
samahar,समाहार,समाहार
samitiyan,समितियां,समितियां
sametati,समेटती,समेटती
sametti,समेटती,समेटती
sarka,सरका,सरका
sarkaa,सरका,सघका
sarkarein,सरकारें,सरकारें
sarkaren,सरकारें,सरकारें
sarkaaron,सरकारों,सझकारों
sarkaron,सरकारों,सरकाजों
sargana,सरगना,सरगना
sarganaon,सरगनाओं,सरगनाओं
sargi,सरगी,सखगी
sarguja,सरगुजा,सरगुजा
sarjuga,सरगुजा,सरगुजा
sarsa,सरसा,सरसा
sarsaa,सरसा,सरसा
sarahind,सरहिंद,सरजिंद
sarhind,सरहिंद,सरहडंद
sirhind,सरहिंद,सरहिंद
saraaha,सराहा,सकाहा
saraha,सराहा,सराहा
saraahi,सराही,सराही
sarahi,सराही,सराही
salaahkar,सलाहकार,सलाहकार
salahkaar,सलाहकार,सलाहकार
salahkar,सलाहकार,सलाहकार
saleeb,सलीब,सलीब
salib,सलीब,सलीब
select,सलेक्ट,सलेक्ट
saltanat,सल्तनत,सल्तनत
saltnat,सल्तनत,सल्तनत
savaal,सवाल,सवाल
saval,सवाल,सणाल
sawaal,सवाल,सवाल
sawal,सवाल,सवाझ
sahakalaakar,सहकलाकार,सहकलाकाग
sahakalakar,सहकलाकार,सहकलाकार
sahkalakar,सहकलाकार,सहकलाकार
sahadev,सहदेव,सहदेव
sahdev,सहदेव,सहदेव
sahrawat,सहरावत,सहरावत
sherawat,सहरावत,सहरावत
sahooliyata,सहूलियत,सहूलियत
sahuliyat,सहूलियत,गहूलियत
sahuuliyata,सहूलियत,सहूलियत
saanketika,सांकेतिक,सांकेतिक
sanketik,सांकेतिक,सांकेतिक
saimans,साइमंस,साखमंस
simmons,साइमंस,साइमंस
symons,साइमंस,साइमंस
saima,साइमा,साइढा
sagarika,सागरिका,सागरिका
sagrika,सागरिका,सगगरिका
saga,सागा,सागा
saajan,साजन,साजन
sajan,साजन,ठाजन
saajsajja,साजसज्जा,साजसज्जा
sajsajja,साजसज्जा,साजसज्जा
saja,साजा,साजा
saathsaath,साथसाथ,साथसाड
sathsath,साथसाथ,साथसाथ
sathiya,साथिया,साथिया
saabah,साबाह,साबाह
sabah,साबाह,साबाह
samanjasy,सामंजस्य,सामंजस्य
samanjasya,सामंजस्य,सामंजस्य
samoa,सामोआ,सामोआ
samoaa,सामोआ,सामोआ
saayn,सायं,सायं
sayan,सायं,सायख
saym,सायं,साणं
saira,सायरा,सायरा
sayara,सायरा,सायरा
sayra,सायरा,सायरा
salve,साल्वे,साल्वे
sahab,साहब,साडब
singapore,सिंगापुर,सिंगापगर
singaar,सिंगार,सिंगार
singar,सिंगार,सिंगार
singer,सिंगार,सिंगार
singhaadey,सिंघाड़े,सिंघाड़ढ
singhade,सिंघाड़े,सिंघाड़े
singhde,सिंघाड़े,सिंघाड़े
singhre,सिंघाड़े,सिंघाड़े
singhi,सिंघी,सिंघी
singha,सिंहा,सिंहा
sinha,सिंहा,सिंहा
siera,सिएरा,सिएडा
sierra,सिएरा,सकएरा
sikud,सिकुड़,सिकुछ़
signals,सिगनल्स,सिगनल्स
cigaretton,सिगरेटों,सिगरेटों
cigretton,सिगरेटों,सिगरेटों
siddhivat,सिद्धवट,सिद्धवट
siddhvat,सिद्धवट,सिद्धवट
siddhwat,सिद्धवट,झिद्धवट
sinabang,सिनाबंग,सिनाबंग
synapse,सिनेप्स,सिनेप्स
sipah,सिपाह,सिपाह
sipaha,सिपाह,सिपठह
sipahiyon,सिपाहियों,सिपाहियों
sipahi,सिपाही,सिपाही
sim,सिम,सिम
simat,सिमट,सिमट
simatataa,सिमटता,सिमटता
simatta,सिमटता,सिटटता
simtata,सिमटता,सिमटता
simtataa,सिमटता,सिमटता
cement,सिमटे,सिमटे
simate,सिमटे,सिमटे
simi,सिमी,सिमी
simmy,सिमी,सिमी
sims,सिम्स,सिम्स
siyasi,सियासी,सियासी
siyah,सियाह,सियाह
siyaha,सियाह,सियाह
sirpur,सिरपुर,सिरपुर
sivan,सिवान,सिवाक
siwan,सिवान,सिवान
sisva,सिसवा,सिसवा
siswa,सिसवा,सिसवा
cil,सीआईएल,सीआईएल
csi,सीएसआई,सीछसआई
sikar,सीकर,सीकर
seaten,सीटें,सीटझं
sitaram,सीताराम,सझताराम
sitaharan,सीताहरण,सीताहरण
cpm,सीपीएम,सीपीएम
cps,सीपीएस,सीपछएस
cbse,सीबीएसई,सीबीझसई
seem,सीम,कीम
sim,सीम,सीक
sealed,सील्ड,सील्ड
shield,सील्ड,सील्ड
ccd,सीसीडी,सीसीडी
sugamata,सुगमता,सुगमता
sugmta,सुगमता,सुगमखा
sujan,सुजेन,सुजेन
sujen,सुजेन,सुजेन
suken,सुजेन,सुजेन
sujain,सुजैन,सठजैन
sujhaati,सुझाती,सुझाती
sujhati,सुझाती,सुझातठ
sutali,सुतली,सुतली
sutli,सुतली,सुतली
suta,सुता,सुता
sdueep,सुदीप,सुदीप
sudip,सुदीप,सझदीप
sudhaargrah,सुधारगृह,सुधारगृह
sudhargrih,सुधारगृह,सुधारगृह
sudhargruh,सुधारगृह,सुधारगृह
sunaaron,सुनारों,सुनारों
sunaron,सुनारों,सुनारों
sunaseer,सुनासीर,सुनासीर
sunasir,सुनासीर,सुणासीर
suneeti,सुनीति,सुनीति
suniti,सुनीति,सुनीति
sunega,सुनेगा,सुनेखा
suneyga,सुनेगा,सुनेगा
superhit,सुपरहिट,घुपरहिट
supachy,सुपाच्य,सुपाच्य
supachya,सुपाच्य,सुपाच्य
supachye,सुपाच्य,सुपाच्य
subhaay,सुभाय,सुटाय
subhay,सुभाय,सुभाय
surveen,सुरवीन,सुरवीन
survin,सुरवीन,सुरवीन
surana,सुराणा,सुराणा
sulkhan,सुलखान,सुलखान
suljaayi,सुलझाई,सुलझाई
suljayi,सुलझाई,सकलझाई
suljhai,सुलझाई,सुलझाग
sulzai,सुलझाई,सुठझाई
sultana,सुलताना,सुलतटना
sulaati,सुलाती,सुलाती
sulati,सुलाती,सुलाती
susanskrit,सुसंस्कृत,सुसंस्कृत
susanskrut,सुसंस्कृत,सुसंस्कृत
suhagin,सुहागिन,सुहागिन
soond,सूंड़,सूंड़
sund,सूंड़,सूंक़
suiyan,सूइयां,कूइयां
sukhati,सूखती,सूखती
sukhti,सूखती,सूखती
sukhakar,सूखाकर,सूखाकर
soochak,सूचक,सूचझ
suchak,सूचक,सूचक
sooja,सूजा,सठजा
suja,सूजा,सूटा
suba,सूबा,सूबा
sube,सूबे,सूबे
sooraj,सूरज,सूरज
suraj,सूरज,सूरघ
surinaam,सूरीनाम,सूरीनाम
surinama,सूरीनाम,सूरीनघम
suriname,सूरीनाम,सूरीनाम
suryadev,सूर्यदेव,सूर्यडेव
sendha,सेंधा,सेंधा
senvai,सेंवई,सेंवई
sevai,सेंवई,सेंवई
sensing,सेंसिंग,सेंसिकग
sexual,सेक्सुअल,सेक्सुअल
saturday,सेटरडे,सेटणडे
seti,सेटी,सेटी
seto,सेटो,सेटो
seth,सेथ,सेथ
safety,सेफ्टी,सेफ्टी
semen,सेमिन,सेमिन
semin,सेमिन,छेमिन
self,सेल्फ,सेल्फ
selfie,सेल्फी,सगल्फी
save,सेव,सडव
sev,सेव,सेव
sevakon,सेवकों,सेवकों
sevkon,सेवकों,सठवकों
samuels,सैम्युल्स,सैम्युलणस
celery,सैलरी,सैलरट
salary,सैलरी,सैलरी
sakar,सॉकर,सॉकर
socar,सॉकर,सॉकर
soccer,सॉकर,सॉकर
songs,सॉन्ग्स,सॉन्ग्स
solicitor,सॉलिसिटर,सॉलिसिटछ
sochane,सोचने,सोचने
sochne,सोचने,सगचने
sonu,सोनू,सोनू
soma,सोमा,सोमा
spma,सोमा,सोमा
somi,सोमी,सोमी
soy,सोय,सोय
soya,सोया,सोया
solitaire,सोलिटेयर,सोलिटेयर
soharai,सोहराई,सोहराई
sohrai,सोहराई,सोहराई
sohaval,सोहावल,सोहावल
sohawal,सोहावल,सोहावल
saunpane,सौंपने,सौंपने
sonpne,सौंपने,सौंणने
scala,स्काला,स्काला
skala,स्काला,स्काला
ski,स्की,स्की
scootaron,स्कूटरों,स्कूटरों
scooteron,स्कूटरों,स्छूटरों
skootaron,स्कूटरों,स्कूचरों
scandinavia,स्कैंडिनेविया,स्कैंडिनेविया
scaining,स्कैनिंग,स्कैनिठग
scanning,स्कैनिंग,स्कैनिंग
squash,स्क्वाश,स्क्वाश
squash,स्क्वैश,स्क्वैश
skhalan,स्खलन,सटखलन
stain,स्टैन,स्टैठ
stan,स्टैन,स्टैन
stop,स्टॉप,सटटॉप
stops,स्टॉप्स,स्टॉप्स
stone,स्टोन,स्टोन
straws,स्ट्रास,स्ट्रास
stress,स्ट्रास,स्ट्रास
stra,स्ट्रे,स्ट्रे
stray,स्ट्रे,स्ट्रे
stre,स्ट्रे,स्ट्रे
strocks,स्ट्रोक्स,स्ट्रोक्स
strokes,स्ट्रोक्स,स्ट्रोक्स
stan,स्तन,स्तन
stanadhari,स्तनधारी,स्तनधारी
standhaari,स्तनधारी,स्डनधारी
standhari,स्तनधारी,स्तनधारी
sthiti,स्तिथि,स्तिथि
stithi,स्तिथि,सटतिथि
stuti,स्तुति,स्तुति
sthitiyaan,स्थितियां,स्ढितियां
sthitiyan,स्थितियां,स्थितियां
sthitiyon,स्थितियों,स्थितियों
sthool,स्थूल,स्थूल
sthul,स्थूल,स्थूल
sthoolta,स्थूलता,स्थूलता
sthulata,स्थूलता,स्थूलतठ
sneakers,स्नीकर्स,सछनीकर्स
snickers,स्नीकर्स,स्नीकर्स
snikarse,स्नीकर्स,स्नीकर्स
spear,स्पीयर,स्पीयर
spell,स्पेल,स्पेल
spelar,स्पेलर,स्पेलर
speller,स्पेलर,स्पेलड
sprint,स्प्रिट,सघप्रिट
sprit,स्प्रिट,स्प्रिट
spray,स्प्रे,स्प्रे
spry,स्प्रे,स्ठ्रे
sfoorti,स्फूर्ति,स्फूर्ति
sfurti,स्फूर्ति,स्फकर्ति
sphoorti,स्फूर्ति,स्फूर्ति
slide,स्लाइड,स्लाइड
slider,स्लाइडर,स्लाइडर
slaaidon,स्लाइडों,स्लाइडों
slidon,स्लाइडों,स्लाइडों
sliders,स्लाइड्स,ण्लाइड्स
slides,स्लाइड्स,स्लाइड्स
slice,स्लाइस,स्लाइस
slash,स्लैश,स्लैश
swaroopon,स्वरुपों,स्वरुपों
swarupon,स्वरुपों,स्वरुपों
swa,स्वा,ढ्वा
swaachaalit,स्वाचालित,स्वाचालित
swachalit,स्वाचालित,स्वाचालित
swaarthparak,स्वार्थपरक,स्वार्ठपरक
swarthparak,स्वार्थपरक,स्वार्थपचक
swiftlate,स्विफ्टलेट,स्ठिफ्टलेट
swiftlet,स्विफ्टलेट,स्विफ्टलेट
sweekarte,स्वीकारते,स्वीकारते
swikarte,स्वीकारते,स्वीकारते
sweet,स्वीट,स्वीट
sweep,स्वीप,स्वीप
sweccha,स्वेच्छा,स्वेच्छा
swecha,स्वेच्छा,स्वेच्छा
swechha,स्वेच्छा,स्वेच्छा
sweta,स्वेता,स्घेता
swap,स्वैप,स्वचप
swipe,स्वैप,सठवैप
handiya,हंडिया,हंडिया
handiyaa,हंडिया,हंडिया
hundiya,हंडिया,हंडिया
hakikat,हकीकत,हकीकत
haqeeqat,हकीकत,हकीकत
hathiya,हथिया,हथिया
hamala,हमला,हमला
hamla,हमला,हमला
hamalavar,हमलावर,हमलावर
hamlavar,हमलावर,हमलगवर
humlavar,हमलावर,हमठावर
hamaal,हमाल,हमाल
hamal,हमाल,हमकल
hercules,हरक्यूलिस,हरक्यूलिस
hardas,हरदास,हरदास
harpaal,हरपाल,हरपाल
harpal,हरपाल,हरपाल
harvansh,हरवंश,खरवंश
haraval,हरावल,गरावल
harawal,हरावल,हरावल
hurricane,हरिकेन,हरिकेड
harijan,हरिजन,हरिजन
hariyali,हरियाली,हरियाली
harshit,हर्षित,हर्षित
haldi,हल्दी,हड्दी
halla,हल्ला,हल्ला
hawamahal,हवामहल,हवामहल
hawalaat,हवालात,हवालात
hawalat,हवालात,हवालात
hasino,हसीनों,हसीनों
hasinon,हसीनों,हसीनों
haan,हां,गां
han,हां,हां
haanfte,हांफते,णांफते
hafate,हांफते,हांफते
hanfte,हांफते,हांणते
higman,हाइमन,हाइमन
hymen,हाइमन,हाइमन
hadauti,हाड़ौती,हाड़ौती
haani,हानी,हानी
hani,हानी,हानढ
haarjeet,हारजीत,हारजगत
harjeet,हारजीत,हारजीत
haaranaa,हारना,हारना
harana,हारना,णारना
harna,हारना,हणरना
haalchaal,हालचाल,हालचाल
haalchal,हालचाल,हालचाल
halchaal,हालचाल,हालचाल
halchal,हालचाल,हालचाल
halt,हाल्ट,हाल्ट
hault,हाल्ट,हाल्ट
hahakar,हाहाकार,हाहाकढर
hingis,हिंगिस,हिंगिस
hindan,हिंडन,हिंडन
hindon,हिंडन,हिंडन
hijada,हिजड़ा,हिजड़ा
hijda,हिजड़ा,हिजड़ा
hijbul,हिजबुल,जिजबुल
hippo,हिप्पो,हिप्पो
hippopotamus,हिप्पोपोटेमस,हिप्पोपोटेमस
himali,हिमाली,हिमाली
hilane,हिलने,हिलने
hilne,हिलने,हिलने
hisham,हिशाम,हिशाम
heeraganj,हीरागंज,हीरागंज
hiraganj,हीरागंज,हीरागघज
heroes,हीरोज,हीरोज
heros,हीरोज,हीरोज
hui,हुईं,हुईं
huin,हुईं,हुईं
hooper,हूपर,टूपर
huppar,हूपर,हूपर
hupper,हूपर,हूपर
hegde,हेगडे,हेगडे
hemvati,हेमवती,हेमवती
hemwati,हेमवती,हेमवती
help,हेल्प,हेल्प
helper,हेल्पर,हेल्पर
haito,हैतो,हैतो
hairam,हैरम,हढरम
harem,हैरम,हैरम
herald,हैराल्ड,हैराल्ड
haive,हैव,हैव
have,हैव,हैव
hong,हॉन्ग,हॉन्ग
half,हॉफ,हॉण
hoaf,हॉफ,हॉफ
hounga,होऊंगा,होऊंगा
holding,होल्डिंग,होल्डिंग
hoshangabaad,होशंगाबाद,होशंगाबाद
hoshangabad,होशंगाबाद,होशंगाबाद
hostes,होस्टेस,होस्टेस
hostess,होस्टेस,होस्जेस
